2020/11/17 14:10:10							
Project	No of Units	Number of Applicants	Application Rate^	Application Rate^	Application Rate^	Application Rate^	Application Rate^
Project	No of Units	Number of Applicants	Elderly	Non-Elderly	Non-Elderly	Non-Elderly	Overall
Project	No of Units	Number of Applicants	Elderly	First Timers	Second Timers	Singles	Overall
Non-Mature Towns /Estates	Non-Mature Towns /Estates	Non-Mature Towns /Estates	Non-Mature Towns /Estates	Non-Mature Towns /Estates	Non-Mature Towns /Estates	Non-Mature Towns /Estates	Non-Mature Towns /Estates
Sembawang (Sun Sails)	220	34	0.1	0	0	0.3	0.2
Tengah (Garden Court @ Tengah / Garden Terrace @ Tengah *)	464	24	0	0	0	0.1	0.1
Mature Towns /Estates	Mature Towns /Estates	Mature Towns /Estates	Mature Towns /Estates	Mature Towns /Estates	Mature Towns /Estates	Mature Towns /Estates	Mature Towns /Estates
Bishan (Bishan Ridges)	156	4	0	NA	NA	NA	0
Tampines (Tampines GreenEmerald)	146	13	0.1	0	0.7	NA	0.1
TOTAL	986	75	0	0	0	0.1	0.1
Project	Flat Type	No of Units	Number of Applicants	Application Rate^	Application Rate^	Application Rate^	
Project	Flat Type	No of Units	Number of Applicants	Non-Elderly	Non-Elderly	Non-Elderly	
Project	Flat Type	No of Units	Number of Applicants	First Timers	Second Timers	Overall	
Non-Mature Towns/ Estates	Non-Mature Towns/ Estates	Non-Mature Towns/ Estates	Non-Mature Towns/ Estates	Non-Mature Towns/ Estates	Non-Mature Towns/ Estates	Non-Mature Towns/ Estates	
Sembawang (Sun Sails)	3-room	84	11	0.1	0.2	0.1	
Sembawang (Sun Sails)	4-room	238	51	0.2	0.2	0.2	
Sembawang (Sun Sails)	5-room	184	41	0.2	0.2	0.2	
Tengah (Garden Court @ Tengah / Garden Terrace @ Tengah *)	3-room	218	9	0	0	0	
Tengah (Garden Court @ Tengah / Garden Terrace @ Tengah *)	4-room	570	68	0.1	0.4	0.1	
Tengah (Garden Court @ Tengah / Garden Terrace @ Tengah *)	5-room	327	53	0.1	0.5	0.2	
Mature Towns/ Estates	Mature Towns/ Estates	Mature Towns/ Estates	Mature Towns/ Estates	Mature Towns/ Estates	Mature Towns/ Estates	Mature Towns/ Estates	
Bishan (Bishan Ridges)	3-room	124	22	0.1	1.3	0.2	
Bishan (Bishan Ridges)	4-room	1222	330	0.2	0.9	0.3	
Tampines (Tampines GreenEmerald)	4-room	360	58	0.2	0.3	0.2	
Tampines (Tampines GreenEmerald)	5-room	244	31	0.1	0.5	0.1	
Toa Payoh (Bartley Beacon / ParkView @ Bidadari)	3-room	184	7	0	0.3	0	
Toa Payoh (Bartley Beacon / ParkView @ Bidadari)	4-room	910	106	0.1	0.4	0.1	
Toa Payoh (Bartley Beacon)	5-room	144	82	0.3	5.6	0.6	
TOTAL	TOTAL	4809	869	0.2	0.5	0.2	
2020/11/17 17:10:42							
Project	No of Units	Number of Applicants	Application Rate^	Application Rate^	Application Rate^	Application Rate^	Application Rate^
Project	No of Units	Number of Applicants	Elderly	Non-Elderly	Non-Elderly	Non-Elderly	Overall
Project	No of Units	Number of Applicants	Elderly	First Timers	Second Timers	Singles	Overall
Non-Mature Towns /Estates	Non-Mature Towns /Estates	Non-Mature Towns /Estates	Non-Mature Towns /Estates	Non-Mature Towns /Estates	Non-Mature Towns /Estates	Non-Mature Towns /Estates	Non-Mature Towns /Estates
Sembawang (Sun Sails)	220	76	0.1	0	0	0.6	0.3
Tengah (Garden Court @ Tengah / Garden Terrace @ Tengah *)	464	43	0	0	0	0.2	0.1
Mature Towns /Estates	Mature Towns /Estates	Mature Towns /Estates	Mature Towns /Estates	Mature Towns /Estates	Mature Towns /Estates	Mature Towns /Estates	Mature Towns /Estates
Bishan (Bishan Ridges)	156	16	0.1	NA	NA	NA	0.1
Tampines (Tampines GreenEmerald)	146	20	0.1	0	0.7	NA	0.1
TOTAL	986	155	0.1	0	0	0.3	0.2
Project	Flat Type	No of Units	Number of Applicants	Application Rate^	Application Rate^	Application Rate^	
Project	Flat Type	No of Units	Number of Applicants	Non-Elderly	Non-Elderly	Non-Elderly	
Project	Flat Type	No of Units	Number of Applicants	First Timers	Second Timers	Overall	
Non-Mature Towns/ Estates	Non-Mature Towns/ Estates	Non-Mature Towns/ Estates	Non-Mature Towns/ Estates	Non-Mature Towns/ Estates	Non-Mature Towns/ Estates	Non-Mature Towns/ Estates	
Sembawang (Sun Sails)	3-room	84	35	0.4	0.4	0.4	
Sembawang (Sun Sails)	4-room	238	98	0.4	0.5	0.4	
Sembawang (Sun Sails)	5-room	184	80	0.4	0.6	0.4	
Tengah (Garden Court @ Tengah / Garden Terrace @ Tengah *)	3-room	218	20	0.1	0.1	0.1	
Tengah (Garden Court @ Tengah / Garden Terrace @ Tengah *)	4-room	570	127	0.2	0.9	0.2	
Tengah (Garden Court @ Tengah / Garden Terrace @ Tengah *)	5-room	327	101	0.3	1.1	0.3	
Mature Towns/ Estates	Mature Towns/ Estates	Mature Towns/ Estates	Mature Towns/ Estates	Mature Towns/ Estates	Mature Towns/ Estates	Mature Towns/ Estates	
Bishan (Bishan Ridges)	3-room	124	42	0.2	2.5	0.3	
Bishan (Bishan Ridges)	4-room	1222	560	0.4	2.1	0.5	
Tampines (Tampines GreenEmerald)	4-room	360	132	0.3	0.8	0.4	
Tampines (Tampines GreenEmerald)	5-room	244	59	0.2	1.3	0.2	
Toa Payoh (Bartley Beacon / ParkView @ Bidadari)	3-room	184	18	0.1	0.7	0.1	
Toa Payoh (Bartley Beacon / ParkView @ Bidadari)	4-room	910	199	0.2	0.7	0.2	
Toa Payoh (Bartley Beacon)	5-room	144	145	0.6	9.1	1	
TOTAL	TOTAL	4809	1616	0.3	1	0.3	
2020/11/18 08:05:02							
Project	No of Units	Number of Applicants	Application Rate^	Application Rate^	Application Rate^	Application Rate^	Application Rate^
Project	No of Units	Number of Applicants	Elderly	Non-Elderly	Non-Elderly	Non-Elderly	Overall
Project	No of Units	Number of Applicants	Elderly	First Timers	Second Timers	Singles	Overall
Non-Mature Towns /Estates	Non-Mature Towns /Estates	Non-Mature Towns /Estates	Non-Mature Towns /Estates	Non-Mature Towns /Estates	Non-Mature Towns /Estates	Non-Mature Towns /Estates	Non-Mature Towns /Estates
Sembawang (Sun Sails)	220	246	0.4	0.1	0.1	2.2	1.1
Tengah (Garden Court @ Tengah / Garden Terrace @ Tengah *)	464	179	0.1	0	0	0.7	0.4
Mature Towns /Estates	Mature Towns /Estates	Mature Towns /Estates	Mature Towns /Estates	Mature Towns /Estates	Mature Towns /Estates	Mature Towns /Estates	Mature Towns /Estates
Bishan (Bishan Ridges)	156	101	0.6	NA	NA	NA	0.6
Tampines (Tampines GreenEmerald)	146	63	0.5	0	1.3	NA	0.4
TOTAL	986	589	0.4	0	0.1	1.1	0.6
Project	Flat Type	No of Units	Number of Applicants	Application Rate^	Application Rate^	Application Rate^	
Project	Flat Type	No of Units	Number of Applicants	Non-Elderly	Non-Elderly	Non-Elderly	
Project	Flat Type	No of Units	Number of Applicants	First Timers	Second Timers	Overall	
Non-Mature Towns/ Estates	Non-Mature Towns/ Estates	Non-Mature Towns/ Estates	Non-Mature Towns/ Estates	Non-Mature Towns/ Estates	Non-Mature Towns/ Estates	Non-Mature Towns/ Estates	
Sembawang (Sun Sails)	3-room	84	113	1.1	2	1.3	
Sembawang (Sun Sails)	4-room	238	299	1.2	1.4	1.3	
Sembawang (Sun Sails)	5-room	184	246	1.2	1.9	1.3	
Tengah (Garden Court @ Tengah / Garden Terrace @ Tengah *)	3-room	218	65	0.2	0.4	0.3	
Tengah (Garden Court @ Tengah / Garden Terrace @ Tengah *)	4-room	570	437	0.7	3	0.8	
Tengah (Garden Court @ Tengah / Garden Terrace @ Tengah *)	5-room	327	334	0.9	4.3	1	
Mature Towns/ Estates	Mature Towns/ Estates	Mature Towns/ Estates	Mature Towns/ Estates	Mature Towns/ Estates	Mature Towns/ Estates	Mature Towns/ Estates	
Bishan (Bishan Ridges)	3-room	124	158	0.8	11.2	1.3	
Bishan (Bishan Ridges)	4-room	1222	1834	1.2	7.7	1.5	
Tampines (Tampines GreenEmerald)	4-room	360	386	1	3.4	1.1	
Tampines (Tampines GreenEmerald)	5-room	244	232	0.7	5.8	1	
Toa Payoh (Bartley Beacon / ParkView @ Bidadari)	3-room	184	62	0.2	3.3	0.3	
Toa Payoh (Bartley Beacon / ParkView @ Bidadari)	4-room	910	630	0.6	2.3	0.7	
Toa Payoh (Bartley Beacon)	5-room	144	502	2	32.9	3.5	
TOTAL	TOTAL	4809	5298	0.9	3.9	1.1	
2020/11/18 11:05:03
Project	No of Units	Number of Applicants	Application Rate^	Application Rate^	Application Rate^	Application Rate^	Application Rate^
Project	No of Units	Number of Applicants	Elderly	Non-Elderly	Non-Elderly	Non-Elderly	Overall
Project	No of Units	Number of Applicants	Elderly	First Timers	Second Timers	Singles	Overall
Non-Mature Towns /Estates	Non-Mature Towns /Estates	Non-Mature Towns /Estates	Non-Mature Towns /Estates	Non-Mature Towns /Estates	Non-Mature Towns /Estates	Non-Mature Towns /Estates	Non-Mature Towns /Estates
Sembawang (Sun Sails)	220	292	0.5	0.1	0.1	2.7	1.3
Tengah (Garden Court @ Tengah / Garden Terrace @ Tengah *)	464	205	0.1	0.0	0.0	0.8	0.4
Mature Towns /Estates	Mature Towns /Estates	Mature Towns /Estates	Mature Towns /Estates	Mature Towns /Estates	Mature Towns /Estates	Mature Towns /Estates	Mature Towns /Estates
Bishan (Bishan Ridges)	156	134	0.9	NA	NA	NA	0.9
Tampines (Tampines GreenEmerald)	146	80	0.7	0.1	1.7	NA	0.5
TOTAL	986	711	0.5	0.1	0.1	1.3	0.7
Project	Flat Type	No of Units	Number of Applicants	Application Rate^	Application Rate^	Application Rate^
Project	Flat Type	No of Units	Number of Applicants	Non-Elderly	Non-Elderly	Non-Elderly
Project	Flat Type	No of Units	Number of Applicants	First Timers	Second Timers	Overall
Non-Mature Towns/ Estates	Non-Mature Towns/ Estates	Non-Mature Towns/ Estates	Non-Mature Towns/ Estates	Non-Mature Towns/ Estates	Non-Mature Towns/ Estates	Non-Mature Towns/ Estates
Sembawang (Sun Sails)	3-room	84	135	1.4	2.2	1.6
Sembawang (Sun Sails)	4-room	238	323	1.3	1.6	1.4
Sembawang (Sun Sails)	5-room	184	291	1.4	2.7	1.6
Tengah (Garden Court @ Tengah / Garden Terrace @ Tengah *)	3-room	218	80	0.3	0.6	0.4
Tengah (Garden Court @ Tengah / Garden Terrace @ Tengah *)	4-room	570	488	0.7	3.6	0.9
Tengah (Garden Court @ Tengah / Garden Terrace @ Tengah *)	5-room	327	376	0.9	5.6	1.1
Mature Towns/ Estates	Mature Towns/ Estates	Mature Towns/ Estates	Mature Towns/ Estates	Mature Towns/ Estates	Mature Towns/ Estates	Mature Towns/ Estates
Bishan (Bishan Ridges)	3-room	124	179	0.8	13.3	1.4
Bishan (Bishan Ridges)	4-room	1222	2103	1.3	9.6	1.7
Tampines (Tampines GreenEmerald)	4-room	360	427	1.0	4.2	1.2
Tampines (Tampines GreenEmerald)	5-room	244	283	0.8	8.2	1.2
Toa Payoh (Bartley Beacon / ParkView @ Bidadari)	3-room	184	70	0.2	4.1	0.4
Toa Payoh (Bartley Beacon / ParkView @ Bidadari)	4-room	910	710	0.7	3.1	0.8
Toa Payoh (Bartley Beacon)	5-room	144	595	2.3	40.6	4.1
TOTAL	TOTAL	4809	6060	1.0	4.8	1.3
2020/11/18 14:05:02
Project	No of Units	Number of Applicants	Application Rate^	Application Rate^	Application Rate^	Application Rate^	Application Rate^
Project	No of Units	Number of Applicants	Elderly	Non-Elderly	Non-Elderly	Non-Elderly	Overall
Project	No of Units	Number of Applicants	Elderly	First Timers	Second Timers	Singles	Overall
Non-Mature Towns /Estates	Non-Mature Towns /Estates	Non-Mature Towns /Estates	Non-Mature Towns /Estates	Non-Mature Towns /Estates	Non-Mature Towns /Estates	Non-Mature Towns /Estates	Non-Mature Towns /Estates
Sembawang (Sun Sails)	220	348	0.7	0.2	0.1	3.5	1.6
Tengah (Garden Court @ Tengah / Garden Terrace @ Tengah *)	464	228	0.2	0.0	0.1	0.9	0.5
Mature Towns /Estates	Mature Towns /Estates	Mature Towns /Estates	Mature Towns /Estates	Mature Towns /Estates	Mature Towns /Estates	Mature Towns /Estates	Mature Towns /Estates
Bishan (Bishan Ridges)	156	175	1.1	NA	NA	NA	1.1
Tampines (Tampines GreenEmerald)	146	100	0.9	0.1	4.0	NA	0.7
TOTAL	986	851	0.6	0.1	0.1	1.6	0.9
Project	Flat Type	No of Units	Number of Applicants	Application Rate^	Application Rate^	Application Rate^
Project	Flat Type	No of Units	Number of Applicants	Non-Elderly	Non-Elderly	Non-Elderly
Project	Flat Type	No of Units	Number of Applicants	First Timers	Second Timers	Overall
Non-Mature Towns/ Estates	Non-Mature Towns/ Estates	Non-Mature Towns/ Estates	Non-Mature Towns/ Estates	Non-Mature Towns/ Estates	Non-Mature Towns/ Estates	Non-Mature Towns/ Estates
Sembawang (Sun Sails)	3-room	84	152	1.6	2.4	1.8
Sembawang (Sun Sails)	4-room	238	357	1.4	2.1	1.5
Sembawang (Sun Sails)	5-room	184	332	1.6	3.1	1.8
Tengah (Garden Court @ Tengah / Garden Terrace @ Tengah *)	3-room	218	91	0.3	0.6	0.4
Tengah (Garden Court @ Tengah / Garden Terrace @ Tengah *)	4-room	570	535	0.8	4.1	0.9
Tengah (Garden Court @ Tengah / Garden Terrace @ Tengah *)	5-room	327	430	1.0	6.9	1.3
Mature Towns/ Estates	Mature Towns/ Estates	Mature Towns/ Estates	Mature Towns/ Estates	Mature Towns/ Estates	Mature Towns/ Estates	Mature Towns/ Estates
Bishan (Bishan Ridges)	3-room	124	206	0.9	16.5	1.7
Bishan (Bishan Ridges)	4-room	1222	2397	1.5	11.5	2.0
Tampines (Tampines GreenEmerald)	4-room	360	484	1.1	5.4	1.3
Tampines (Tampines GreenEmerald)	5-room	244	318	0.9	9.5	1.3
Toa Payoh (Bartley Beacon / ParkView @ Bidadari)	3-room	184	78	0.2	4.7	0.4
Toa Payoh (Bartley Beacon / ParkView @ Bidadari)	4-room	910	817	0.7	3.8	0.9
Toa Payoh (Bartley Beacon)	5-room	144	685	2.5	49.0	4.8
TOTAL	TOTAL	4809	6882	1.1	5.8	1.4
2020/11/18 17:05:03
Project	No of Units	Number of Applicants	Application Rate^	Application Rate^	Application Rate^	Application Rate^	Application Rate^
Project	No of Units	Number of Applicants	Elderly	Non-Elderly	Non-Elderly	Non-Elderly	Overall
Project	No of Units	Number of Applicants	Elderly	First Timers	Second Timers	Singles	Overall
Non-Mature Towns /Estates	Non-Mature Towns /Estates	Non-Mature Towns /Estates	Non-Mature Towns /Estates	Non-Mature Towns /Estates	Non-Mature Towns /Estates	Non-Mature Towns /Estates	Non-Mature Towns /Estates
Sembawang (Sun Sails)	220	393	0.8	0.2	0.2	4.3	1.8
Tengah (Garden Court @ Tengah / Garden Terrace @ Tengah *)	464	251	0.2	0.0	0.1	1.0	0.5
Mature Towns /Estates	Mature Towns /Estates	Mature Towns /Estates	Mature Towns /Estates	Mature Towns /Estates	Mature Towns /Estates	Mature Towns /Estates	Mature Towns /Estates
Bishan (Bishan Ridges)	156	213	1.4	NA	NA	NA	1.4
Tampines (Tampines GreenEmerald)	146	116	1.0	0.1	5.5	NA	0.8
TOTAL	986	973	0.8	0.1	0.2	1.8	1.0
Project	Flat Type	No of Units	Number of Applicants	Application Rate^	Application Rate^	Application Rate^
Project	Flat Type	No of Units	Number of Applicants	Non-Elderly	Non-Elderly	Non-Elderly
Project	Flat Type	No of Units	Number of Applicants	First Timers	Second Timers	Overall
Non-Mature Towns/ Estates	Non-Mature Towns/ Estates	Non-Mature Towns/ Estates	Non-Mature Towns/ Estates	Non-Mature Towns/ Estates	Non-Mature Towns/ Estates	Non-Mature Towns/ Estates
Sembawang (Sun Sails)	3-room	84	167	1.7	2.8	2.0
Sembawang (Sun Sails)	4-room	238	384	1.5	2.2	1.6
Sembawang (Sun Sails)	5-room	184	358	1.7	3.4	1.9
Tengah (Garden Court @ Tengah / Garden Terrace @ Tengah *)	3-room	218	98	0.3	0.7	0.4
Tengah (Garden Court @ Tengah / Garden Terrace @ Tengah *)	4-room	570	573	0.8	4.6	1.0
Tengah (Garden Court @ Tengah / Garden Terrace @ Tengah *)	5-room	327	469	1.1	7.8	1.4
Mature Towns/ Estates	Mature Towns/ Estates	Mature Towns/ Estates	Mature Towns/ Estates	Mature Towns/ Estates	Mature Towns/ Estates	Mature Towns/ Estates
Bishan (Bishan Ridges)	3-room	124	233	1.0	19.3	1.9
Bishan (Bishan Ridges)	4-room	1222	2606	1.6	12.9	2.1
Tampines (Tampines GreenEmerald)	4-room	360	534	1.2	6.7	1.5
Tampines (Tampines GreenEmerald)	5-room	244	356	1.0	10.9	1.5
Toa Payoh (Bartley Beacon / ParkView @ Bidadari)	3-room	184	85	0.2	5.2	0.5
Toa Payoh (Bartley Beacon / ParkView @ Bidadari)	4-room	910	904	0.8	4.4	1.0
Toa Payoh (Bartley Beacon)	5-room	144	754	2.6	56.1	5.2
TOTAL	TOTAL	4809	7521	1.2	6.6	1.6
2020/11/19 08:05:02
Project	No of Units	Number of Applicants	Application Rate^	Application Rate^	Application Rate^	Application Rate^	Application Rate^
Project	No of Units	Number of Applicants	Elderly	Non-Elderly	Non-Elderly	Non-Elderly	Overall
Project	No of Units	Number of Applicants	Elderly	First Timers	Second Timers	Singles	Overall
Non-Mature Towns /Estates	Non-Mature Towns /Estates	Non-Mature Towns /Estates	Non-Mature Towns /Estates	Non-Mature Towns /Estates	Non-Mature Towns /Estates	Non-Mature Towns /Estates	Non-Mature Towns /Estates
Sembawang (Sun Sails)	220	482	1.1	0.3	0.3	6.0	2.2
Tengah (Garden Court @ Tengah / Garden Terrace @ Tengah *)	464	336	0.3	0.0	0.1	1.3	0.7
Mature Towns /Estates	Mature Towns /Estates	Mature Towns /Estates	Mature Towns /Estates	Mature Towns /Estates	Mature Towns /Estates	Mature Towns /Estates	Mature Towns /Estates
Bishan (Bishan Ridges)	156	285	1.8	NA	NA	NA	1.8
Tampines (Tampines GreenEmerald)	146	154	1.3	0.2	7.5	NA	1.1
TOTAL	986	1257	1.0	0.1	0.2	2.4	1.3
Project	Flat Type	No of Units	Number of Applicants	Application Rate^	Application Rate^	Application Rate^
Project	Flat Type	No of Units	Number of Applicants	Non-Elderly	Non-Elderly	Non-Elderly
Project	Flat Type	No of Units	Number of Applicants	First Timers	Second Timers	Overall
Non-Mature Towns/ Estates	Non-Mature Towns/ Estates	Non-Mature Towns/ Estates	Non-Mature Towns/ Estates	Non-Mature Towns/ Estates	Non-Mature Towns/ Estates	Non-Mature Towns/ Estates
Sembawang (Sun Sails)	3-room	84	203	2.0	3.3	2.4
Sembawang (Sun Sails)	4-room	238	511	2.0	2.9	2.1
Sembawang (Sun Sails)	5-room	184	477	2.2	4.7	2.6
Tengah (Garden Court @ Tengah / Garden Terrace @ Tengah *)	3-room	218	132	0.4	1.0	0.6
Tengah (Garden Court @ Tengah / Garden Terrace @ Tengah *)	4-room	570	757	1.1	5.9	1.3
Tengah (Garden Court @ Tengah / Garden Terrace @ Tengah *)	5-room	327	629	1.5	10.1	1.9
Mature Towns/ Estates	Mature Towns/ Estates	Mature Towns/ Estates	Mature Towns/ Estates	Mature Towns/ Estates	Mature Towns/ Estates	Mature Towns/ Estates
Bishan (Bishan Ridges)	3-room	124	319	1.2	29.8	2.6
Bishan (Bishan Ridges)	4-room	1222	3607	2.2	18.0	3.0
Tampines (Tampines GreenEmerald)	4-room	360	703	1.6	9.2	2.0
Tampines (Tampines GreenEmerald)	5-room	244	496	1.3	15.3	2.0
Toa Payoh (Bartley Beacon / ParkView @ Bidadari)	3-room	184	125	0.3	7.6	0.7
Toa Payoh (Bartley Beacon / ParkView @ Bidadari)	4-room	910	1257	1.1	6.4	1.4
Toa Payoh (Bartley Beacon)	5-room	144	1018	3.5	77.4	7.1
TOTAL	TOTAL	4809	10234	1.6	9.1	2.1
2020/11/19 11:05:03
Project	No of Units	Number of Applicants	Application Rate^	Application Rate^	Application Rate^	Application Rate^	Application Rate^
Project	No of Units	Number of Applicants	Elderly	Non-Elderly	Non-Elderly	Non-Elderly	Overall
Project	No of Units	Number of Applicants	Elderly	First Timers	Second Timers	Singles	Overall
Non-Mature Towns /Estates	Non-Mature Towns /Estates	Non-Mature Towns /Estates	Non-Mature Towns /Estates	Non-Mature Towns /Estates	Non-Mature Towns /Estates	Non-Mature Towns /Estates	Non-Mature Towns /Estates
Sembawang (Sun Sails)	220	493	1.1	0.4	0.3	6.1	2.2
Tengah (Garden Court @ Tengah / Garden Terrace @ Tengah *)	464	348	0.3	0.0	0.1	1.4	0.8
Mature Towns /Estates	Mature Towns /Estates	Mature Towns /Estates	Mature Towns /Estates	Mature Towns /Estates	Mature Towns /Estates	Mature Towns /Estates	Mature Towns /Estates
Bishan (Bishan Ridges)	156	294	1.9	NA	NA	NA	1.9
Tampines (Tampines GreenEmerald)	146	160	1.4	0.2	7.5	NA	1.1
TOTAL	986	1295	1.1	0.1	0.2	2.5	1.3
Project	Flat Type	No of Units	Number of Applicants	Application Rate^	Application Rate^	Application Rate^
Project	Flat Type	No of Units	Number of Applicants	Non-Elderly	Non-Elderly	Non-Elderly
Project	Flat Type	No of Units	Number of Applicants	First Timers	Second Timers	Overall
Non-Mature Towns/ Estates	Non-Mature Towns/ Estates	Non-Mature Towns/ Estates	Non-Mature Towns/ Estates	Non-Mature Towns/ Estates	Non-Mature Towns/ Estates	Non-Mature Towns/ Estates
Sembawang (Sun Sails)	3-room	84	208	2.1	3.4	2.5
Sembawang (Sun Sails)	4-room	238	520	2.0	3.0	2.2
Sembawang (Sun Sails)	5-room	184	488	2.3	4.9	2.7
Tengah (Garden Court @ Tengah / Garden Terrace @ Tengah *)	3-room	218	134	0.4	1.0	0.6
Tengah (Garden Court @ Tengah / Garden Terrace @ Tengah *)	4-room	570	767	1.1	6.0	1.3
Tengah (Garden Court @ Tengah / Garden Terrace @ Tengah *)	5-room	327	644	1.5	10.6	2.0
Mature Towns/ Estates	Mature Towns/ Estates	Mature Towns/ Estates	Mature Towns/ Estates	Mature Towns/ Estates	Mature Towns/ Estates	Mature Towns/ Estates
Bishan (Bishan Ridges)	3-room	124	335	1.2	31.8	2.7
Bishan (Bishan Ridges)	4-room	1222	3689	2.2	18.7	3.0
Tampines (Tampines GreenEmerald)	4-room	360	708	1.6	9.3	2.0
Tampines (Tampines GreenEmerald)	5-room	244	505	1.4	15.9	2.1
Toa Payoh (Bartley Beacon / ParkView @ Bidadari)	3-room	184	128	0.3	7.7	0.7
Toa Payoh (Bartley Beacon / ParkView @ Bidadari)	4-room	910	1284	1.1	6.6	1.4
Toa Payoh (Bartley Beacon)	5-room	144	1054	3.5	81.1	7.3
TOTAL	TOTAL	4809	10464	1.6	9.5	2.2
2020/11/19 14:05:02
Project	No of Units	Number of Applicants	Application Rate^	Application Rate^	Application Rate^	Application Rate^	Application Rate^
Project	No of Units	Number of Applicants	Elderly	Non-Elderly	Non-Elderly	Non-Elderly	Overall
Project	No of Units	Number of Applicants	Elderly	First Timers	Second Timers	Singles	Overall
Non-Mature Towns /Estates	Non-Mature Towns /Estates	Non-Mature Towns /Estates	Non-Mature Towns /Estates	Non-Mature Towns /Estates	Non-Mature Towns /Estates	Non-Mature Towns /Estates	Non-Mature Towns /Estates
Sembawang (Sun Sails)	220	510	1.1	0.4	0.3	6.3	2.3
Tengah (Garden Court @ Tengah / Garden Terrace @ Tengah *)	464	357	0.3	0.0	0.1	1.4	0.8
Mature Towns /Estates	Mature Towns /Estates	Mature Towns /Estates	Mature Towns /Estates	Mature Towns /Estates	Mature Towns /Estates	Mature Towns /Estates	Mature Towns /Estates
Bishan (Bishan Ridges)	156	318	2.0	NA	NA	NA	2.0
Tampines (Tampines GreenEmerald)	146	165	1.4	0.2	7.5	NA	1.1
TOTAL	986	1350	1.1	0.1	0.2	2.5	1.4
Project	Flat Type	No of Units	Number of Applicants	Application Rate^	Application Rate^	Application Rate^
Project	Flat Type	No of Units	Number of Applicants	Non-Elderly	Non-Elderly	Non-Elderly
Project	Flat Type	No of Units	Number of Applicants	First Timers	Second Timers	Overall
Non-Mature Towns/ Estates	Non-Mature Towns/ Estates	Non-Mature Towns/ Estates	Non-Mature Towns/ Estates	Non-Mature Towns/ Estates	Non-Mature Towns/ Estates	Non-Mature Towns/ Estates
Sembawang (Sun Sails)	3-room	84	210	2.1	3.4	2.5
Sembawang (Sun Sails)	4-room	238	543	2.1	3.1	2.3
Sembawang (Sun Sails)	5-room	184	504	2.3	5.2	2.7
Tengah (Garden Court @ Tengah / Garden Terrace @ Tengah *)	3-room	218	142	0.5	1.1	0.7
Tengah (Garden Court @ Tengah / Garden Terrace @ Tengah *)	4-room	570	783	1.1	6.3	1.4
Tengah (Garden Court @ Tengah / Garden Terrace @ Tengah *)	5-room	327	658	1.5	11.0	2.0
Mature Towns/ Estates	Mature Towns/ Estates	Mature Towns/ Estates	Mature Towns/ Estates	Mature Towns/ Estates	Mature Towns/ Estates	Mature Towns/ Estates
Bishan (Bishan Ridges)	3-room	124	349	1.3	33.5	2.8
Bishan (Bishan Ridges)	4-room	1222	3812	2.3	19.6	3.1
Tampines (Tampines GreenEmerald)	4-room	360	723	1.6	9.7	2.0
Tampines (Tampines GreenEmerald)	5-room	244	524	1.4	17.0	2.1
Toa Payoh (Bartley Beacon / ParkView @ Bidadari)	3-room	184	134	0.3	8.2	0.7
Toa Payoh (Bartley Beacon / ParkView @ Bidadari)	4-room	910	1324	1.2	6.9	1.5
Toa Payoh (Bartley Beacon)	5-room	144	1091	3.6	85.1	7.6
TOTAL	TOTAL	4809	10797	1.6	9.9	2.2
2020/11/19 17:05:02
Project	No of Units	Number of Applicants	Application Rate^	Application Rate^	Application Rate^	Application Rate^	Application Rate^
Project	No of Units	Number of Applicants	Elderly	Non-Elderly	Non-Elderly	Non-Elderly	Overall
Project	No of Units	Number of Applicants	Elderly	First Timers	Second Timers	Singles	Overall
Non-Mature Towns /Estates	Non-Mature Towns /Estates	Non-Mature Towns /Estates	Non-Mature Towns /Estates	Non-Mature Towns /Estates	Non-Mature Towns /Estates	Non-Mature Towns /Estates	Non-Mature Towns /Estates
Sembawang (Sun Sails)	220	527	1.2	0.4	0.3	6.5	2.4
Tengah (Garden Court @ Tengah / Garden Terrace @ Tengah *)	464	368	0.3	0.0	0.1	1.5	0.8
Mature Towns /Estates	Mature Towns /Estates	Mature Towns /Estates	Mature Towns /Estates	Mature Towns /Estates	Mature Towns /Estates	Mature Towns /Estates	Mature Towns /Estates
Bishan (Bishan Ridges)	156	342	2.2	NA	NA	NA	2.2
Tampines (Tampines GreenEmerald)	146	177	1.5	0.2	8.5	NA	1.2
TOTAL	986	1414	1.2	0.1	0.2	2.6	1.4
Project	Flat Type	No of Units	Number of Applicants	Application Rate^	Application Rate^	Application Rate^
Project	Flat Type	No of Units	Number of Applicants	Non-Elderly	Non-Elderly	Non-Elderly
Project	Flat Type	No of Units	Number of Applicants	First Timers	Second Timers	Overall
Non-Mature Towns/ Estates	Non-Mature Towns/ Estates	Non-Mature Towns/ Estates	Non-Mature Towns/ Estates	Non-Mature Towns/ Estates	Non-Mature Towns/ Estates	Non-Mature Towns/ Estates
Sembawang (Sun Sails)	3-room	84	219	2.2	3.6	2.6
Sembawang (Sun Sails)	4-room	238	554	2.2	3.3	2.3
Sembawang (Sun Sails)	5-room	184	514	2.4	5.3	2.8
Tengah (Garden Court @ Tengah / Garden Terrace @ Tengah *)	3-room	218	148	0.5	1.2	0.7
Tengah (Garden Court @ Tengah / Garden Terrace @ Tengah *)	4-room	570	811	1.2	6.7	1.4
Tengah (Garden Court @ Tengah / Garden Terrace @ Tengah *)	5-room	327	674	1.6	11.3	2.1
Mature Towns/ Estates	Mature Towns/ Estates	Mature Towns/ Estates	Mature Towns/ Estates	Mature Towns/ Estates	Mature Towns/ Estates	Mature Towns/ Estates
Bishan (Bishan Ridges)	3-room	124	363	1.3	35.0	2.9
Bishan (Bishan Ridges)	4-room	1222	3966	2.3	20.6	3.2
Tampines (Tampines GreenEmerald)	4-room	360	738	1.6	9.9	2.0
Tampines (Tampines GreenEmerald)	5-room	244	534	1.4	17.3	2.2
Toa Payoh (Bartley Beacon / ParkView @ Bidadari)	3-room	184	140	0.4	8.7	0.8
Toa Payoh (Bartley Beacon / ParkView @ Bidadari)	4-room	910	1353	1.2	7.1	1.5
Toa Payoh (Bartley Beacon)	5-room	144	1119	3.7	87.1	7.8
TOTAL	TOTAL	4809	11133	1.7	10.3	2.3
2020/11/20 08:05:03
Project	No of Units	Number of Applicants	Application Rate^	Application Rate^	Application Rate^	Application Rate^	Application Rate^
Project	No of Units	Number of Applicants	Elderly	Non-Elderly	Non-Elderly	Non-Elderly	Overall
Project	No of Units	Number of Applicants	Elderly	First Timers	Second Timers	Singles	Overall
Non-Mature Towns /Estates	Non-Mature Towns /Estates	Non-Mature Towns /Estates	Non-Mature Towns /Estates	Non-Mature Towns /Estates	Non-Mature Towns /Estates	Non-Mature Towns /Estates	Non-Mature Towns /Estates
Sembawang (Sun Sails)	220	569	1.3	0.5	0.4	6.8	2.6
Tengah (Garden Court @ Tengah / Garden Terrace @ Tengah *)	464	402	0.4	0.1	0.1	1.6	0.9
Mature Towns /Estates	Mature Towns /Estates	Mature Towns /Estates	Mature Towns /Estates	Mature Towns /Estates	Mature Towns /Estates	Mature Towns /Estates	Mature Towns /Estates
Bishan (Bishan Ridges)	156	393	2.5	NA	NA	NA	2.5
Tampines (Tampines GreenEmerald)	146	204	1.8	0.2	9.5	NA	1.4
TOTAL	986	1568	1.4	0.2	0.3	2.9	1.6
Project	Flat Type	No of Units	Number of Applicants	Application Rate^	Application Rate^	Application Rate^
Project	Flat Type	No of Units	Number of Applicants	Non-Elderly	Non-Elderly	Non-Elderly
Project	Flat Type	No of Units	Number of Applicants	First Timers	Second Timers	Overall
Non-Mature Towns/ Estates	Non-Mature Towns/ Estates	Non-Mature Towns/ Estates	Non-Mature Towns/ Estates	Non-Mature Towns/ Estates	Non-Mature Towns/ Estates	Non-Mature Towns/ Estates
Sembawang (Sun Sails)	3-room	84	235	2.3	4.1	2.8
Sembawang (Sun Sails)	4-room	238	613	2.4	3.7	2.6
Sembawang (Sun Sails)	5-room	184	567	2.6	6.1	3.1
Tengah (Garden Court @ Tengah / Garden Terrace @ Tengah *)	3-room	218	162	0.5	1.3	0.7
Tengah (Garden Court @ Tengah / Garden Terrace @ Tengah *)	4-room	570	887	1.3	7.2	1.6
Tengah (Garden Court @ Tengah / Garden Terrace @ Tengah *)	5-room	327	758	1.8	12.5	2.3
Mature Towns/ Estates	Mature Towns/ Estates	Mature Towns/ Estates	Mature Towns/ Estates	Mature Towns/ Estates	Mature Towns/ Estates	Mature Towns/ Estates
Bishan (Bishan Ridges)	3-room	124	413	1.5	40.2	3.3
Bishan (Bishan Ridges)	4-room	1222	4522	2.7	23.6	3.7
Tampines (Tampines GreenEmerald)	4-room	360	824	1.8	11.2	2.3
Tampines (Tampines GreenEmerald)	5-room	244	597	1.6	19.3	2.4
Toa Payoh (Bartley Beacon / ParkView @ Bidadari)	3-room	184	171	0.4	10.4	0.9
Toa Payoh (Bartley Beacon / ParkView @ Bidadari)	4-room	910	1574	1.4	8.2	1.7
Toa Payoh (Bartley Beacon)	5-room	144	1247	4.1	98.1	8.7
TOTAL	TOTAL	4809	12570	1.9	11.7	2.6
2020/11/20 11:05:02
Project	No of Units	Number of Applicants	Application Rate^	Application Rate^	Application Rate^	Application Rate^	Application Rate^
Project	No of Units	Number of Applicants	Elderly	Non-Elderly	Non-Elderly	Non-Elderly	Overall
Project	No of Units	Number of Applicants	Elderly	First Timers	Second Timers	Singles	Overall
Non-Mature Towns /Estates	Non-Mature Towns /Estates	Non-Mature Towns /Estates	Non-Mature Towns /Estates	Non-Mature Towns /Estates	Non-Mature Towns /Estates	Non-Mature Towns /Estates	Non-Mature Towns /Estates
Sembawang (Sun Sails)	220	579	1.4	0.5	0.4	7.0	2.6
Tengah (Garden Court @ Tengah / Garden Terrace @ Tengah *)	464	406	0.4	0.1	0.1	1.6	0.9
Mature Towns /Estates	Mature Towns /Estates	Mature Towns /Estates	Mature Towns /Estates	Mature Towns /Estates	Mature Towns /Estates	Mature Towns /Estates	Mature Towns /Estates
Bishan (Bishan Ridges)	156	399	2.6	NA	NA	NA	2.6
Tampines (Tampines GreenEmerald)	146	206	1.8	0.2	10.0	NA	1.4
TOTAL	986	1590	1.4	0.2	0.3	2.9	1.6
Project	Flat Type	No of Units	Number of Applicants	Application Rate^	Application Rate^	Application Rate^
Project	Flat Type	No of Units	Number of Applicants	Non-Elderly	Non-Elderly	Non-Elderly
Project	Flat Type	No of Units	Number of Applicants	First Timers	Second Timers	Overall
Non-Mature Towns/ Estates	Non-Mature Towns/ Estates	Non-Mature Towns/ Estates	Non-Mature Towns/ Estates	Non-Mature Towns/ Estates	Non-Mature Towns/ Estates	Non-Mature Towns/ Estates
Sembawang (Sun Sails)	3-room	84	240	2.3	4.2	2.9
Sembawang (Sun Sails)	4-room	238	621	2.4	3.8	2.6
Sembawang (Sun Sails)	5-room	184	570	2.6	6.2	3.1
Tengah (Garden Court @ Tengah / Garden Terrace @ Tengah *)	3-room	218	164	0.5	1.3	0.8
Tengah (Garden Court @ Tengah / Garden Terrace @ Tengah *)	4-room	570	893	1.3	7.3	1.6
Tengah (Garden Court @ Tengah / Garden Terrace @ Tengah *)	5-room	327	769	1.8	12.9	2.4
Mature Towns/ Estates	Mature Towns/ Estates	Mature Towns/ Estates	Mature Towns/ Estates	Mature Towns/ Estates	Mature Towns/ Estates	Mature Towns/ Estates
Bishan (Bishan Ridges)	3-room	124	422	1.5	41.2	3.4
Bishan (Bishan Ridges)	4-room	1222	4574	2.7	24.1	3.7
Tampines (Tampines GreenEmerald)	4-room	360	830	1.8	11.3	2.3
Tampines (Tampines GreenEmerald)	5-room	244	603	1.6	19.6	2.5
Toa Payoh (Bartley Beacon / ParkView @ Bidadari)	3-room	184	173	0.4	10.6	0.9
Toa Payoh (Bartley Beacon / ParkView @ Bidadari)	4-room	910	1584	1.4	8.3	1.7
Toa Payoh (Bartley Beacon)	5-room	144	1261	4.1	99.1	8.8
TOTAL	TOTAL	4809	12704	1.9	11.9	2.6
2020/11/20 14:05:02
Project	No of Units	Number of Applicants	Application Rate^	Application Rate^	Application Rate^	Application Rate^	Application Rate^
Project	No of Units	Number of Applicants	Elderly	Non-Elderly	Non-Elderly	Non-Elderly	Overall
Project	No of Units	Number of Applicants	Elderly	First Timers	Second Timers	Singles	Overall
Non-Mature Towns /Estates	Non-Mature Towns /Estates	Non-Mature Towns /Estates	Non-Mature Towns /Estates	Non-Mature Towns /Estates	Non-Mature Towns /Estates	Non-Mature Towns /Estates	Non-Mature Towns /Estates
Sembawang (Sun Sails)	220	596	1.4	0.5	0.4	7.2	2.7
Tengah (Garden Court @ Tengah / Garden Terrace @ Tengah *)	464	415	0.4	0.1	0.1	1.7	0.9
Mature Towns /Estates	Mature Towns /Estates	Mature Towns /Estates	Mature Towns /Estates	Mature Towns /Estates	Mature Towns /Estates	Mature Towns /Estates	Mature Towns /Estates
Bishan (Bishan Ridges)	156	417	2.7	NA	NA	NA	2.7
Tampines (Tampines GreenEmerald)	146	210	1.8	0.2	10.0	NA	1.4
TOTAL	986	1638	1.5	0.2	0.3	3.0	1.7
Project	Flat Type	No of Units	Number of Applicants	Application Rate^	Application Rate^	Application Rate^
Project	Flat Type	No of Units	Number of Applicants	Non-Elderly	Non-Elderly	Non-Elderly
Project	Flat Type	No of Units	Number of Applicants	First Timers	Second Timers	Overall
Non-Mature Towns/ Estates	Non-Mature Towns/ Estates	Non-Mature Towns/ Estates	Non-Mature Towns/ Estates	Non-Mature Towns/ Estates	Non-Mature Towns/ Estates	Non-Mature Towns/ Estates
Sembawang (Sun Sails)	3-room	84	243	2.3	4.3	2.9
Sembawang (Sun Sails)	4-room	238	633	2.5	3.9	2.7
Sembawang (Sun Sails)	5-room	184	579	2.6	6.4	3.1
Tengah (Garden Court @ Tengah / Garden Terrace @ Tengah *)	3-room	218	165	0.5	1.3	0.8
Tengah (Garden Court @ Tengah / Garden Terrace @ Tengah *)	4-room	570	899	1.3	7.3	1.6
Tengah (Garden Court @ Tengah / Garden Terrace @ Tengah *)	5-room	327	782	1.8	13.2	2.4
Mature Towns/ Estates	Mature Towns/ Estates	Mature Towns/ Estates	Mature Towns/ Estates	Mature Towns/ Estates	Mature Towns/ Estates	Mature Towns/ Estates
Bishan (Bishan Ridges)	3-room	124	427	1.5	41.7	3.4
Bishan (Bishan Ridges)	4-room	1222	4662	2.7	24.8	3.8
Tampines (Tampines GreenEmerald)	4-room	360	839	1.8	11.5	2.3
Tampines (Tampines GreenEmerald)	5-room	244	617	1.6	20.3	2.5
Toa Payoh (Bartley Beacon / ParkView @ Bidadari)	3-room	184	176	0.5	10.8	1.0
Toa Payoh (Bartley Beacon / ParkView @ Bidadari)	4-room	910	1617	1.4	8.5	1.8
Toa Payoh (Bartley Beacon)	5-room	144	1280	4.2	100.9	8.9
TOTAL	TOTAL	4809	12919	1.9	12.2	2.7
2020/11/20 17:05:02
Project	No of Units	Number of Applicants	Application Rate^	Application Rate^	Application Rate^	Application Rate^	Application Rate^
Project	No of Units	Number of Applicants	Elderly	Non-Elderly	Non-Elderly	Non-Elderly	Overall
Project	No of Units	Number of Applicants	Elderly	First Timers	Second Timers	Singles	Overall
Non-Mature Towns /Estates	Non-Mature Towns /Estates	Non-Mature Towns /Estates	Non-Mature Towns /Estates	Non-Mature Towns /Estates	Non-Mature Towns /Estates	Non-Mature Towns /Estates	Non-Mature Towns /Estates
Sembawang (Sun Sails)	220	608	1.5	0.5	0.4	7.3	2.8
Tengah (Garden Court @ Tengah / Garden Terrace @ Tengah *)	464	425	0.4	0.1	0.1	1.7	0.9
Mature Towns /Estates	Mature Towns /Estates	Mature Towns /Estates	Mature Towns /Estates	Mature Towns /Estates	Mature Towns /Estates	Mature Towns /Estates	Mature Towns /Estates
Bishan (Bishan Ridges)	156	430	2.8	NA	NA	NA	2.8
Tampines (Tampines GreenEmerald)	146	214	1.8	0.2	10.0	NA	1.5
TOTAL	986	1677	1.5	0.2	0.3	3.1	1.7
Project	Flat Type	No of Units	Number of Applicants	Application Rate^	Application Rate^	Application Rate^
Project	Flat Type	No of Units	Number of Applicants	Non-Elderly	Non-Elderly	Non-Elderly
Project	Flat Type	No of Units	Number of Applicants	First Timers	Second Timers	Overall
Non-Mature Towns/ Estates	Non-Mature Towns/ Estates	Non-Mature Towns/ Estates	Non-Mature Towns/ Estates	Non-Mature Towns/ Estates	Non-Mature Towns/ Estates	Non-Mature Towns/ Estates
Sembawang (Sun Sails)	3-room	84	250	2.3	4.5	3.0
Sembawang (Sun Sails)	4-room	238	643	2.5	3.9	2.7
Sembawang (Sun Sails)	5-room	184	591	2.6	6.5	3.2
Tengah (Garden Court @ Tengah / Garden Terrace @ Tengah *)	3-room	218	168	0.5	1.4	0.8
Tengah (Garden Court @ Tengah / Garden Terrace @ Tengah *)	4-room	570	920	1.3	7.5	1.6
Tengah (Garden Court @ Tengah / Garden Terrace @ Tengah *)	5-room	327	792	1.9	13.5	2.4
Mature Towns/ Estates	Mature Towns/ Estates	Mature Towns/ Estates	Mature Towns/ Estates	Mature Towns/ Estates	Mature Towns/ Estates	Mature Towns/ Estates
Bishan (Bishan Ridges)	3-room	124	441	1.5	43.2	3.6
Bishan (Bishan Ridges)	4-room	1222	4761	2.8	25.4	3.9
Tampines (Tampines GreenEmerald)	4-room	360	853	1.9	11.8	2.4
Tampines (Tampines GreenEmerald)	5-room	244	628	1.6	20.6	2.6
Toa Payoh (Bartley Beacon / ParkView @ Bidadari)	3-room	184	180	0.5	10.9	1.0
Toa Payoh (Bartley Beacon / ParkView @ Bidadari)	4-room	910	1670	1.5	8.9	1.8
Toa Payoh (Bartley Beacon)	5-room	144	1313	4.2	104.4	9.1
TOTAL	TOTAL	4809	13210	2.0	12.5	2.7
2020/11/21 08:05:02
Project	No of Units	Number of Applicants	Application Rate^	Application Rate^	Application Rate^	Application Rate^	Application Rate^
Project	No of Units	Number of Applicants	Elderly	Non-Elderly	Non-Elderly	Non-Elderly	Overall
Project	No of Units	Number of Applicants	Elderly	First Timers	Second Timers	Singles	Overall
Non-Mature Towns /Estates	Non-Mature Towns /Estates	Non-Mature Towns /Estates	Non-Mature Towns /Estates	Non-Mature Towns /Estates	Non-Mature Towns /Estates	Non-Mature Towns /Estates	Non-Mature Towns /Estates
Sembawang (Sun Sails)	220	648	1.6	0.6	0.4	7.7	2.9
Tengah (Garden Court @ Tengah / Garden Terrace @ Tengah *)	464	451	0.4	0.1	0.1	1.9	1.0
Mature Towns /Estates	Mature Towns /Estates	Mature Towns /Estates	Mature Towns /Estates	Mature Towns /Estates	Mature Towns /Estates	Mature Towns /Estates	Mature Towns /Estates
Bishan (Bishan Ridges)	156	462	3.0	NA	NA	NA	3.0
Tampines (Tampines GreenEmerald)	146	232	2.0	0.2	10.5	NA	1.6
TOTAL	986	1793	1.6	0.2	0.3	3.3	1.8
Project	Flat Type	No of Units	Number of Applicants	Application Rate^	Application Rate^	Application Rate^
Project	Flat Type	No of Units	Number of Applicants	Non-Elderly	Non-Elderly	Non-Elderly
Project	Flat Type	No of Units	Number of Applicants	First Timers	Second Timers	Overall
Non-Mature Towns/ Estates	Non-Mature Towns/ Estates	Non-Mature Towns/ Estates	Non-Mature Towns/ Estates	Non-Mature Towns/ Estates	Non-Mature Towns/ Estates	Non-Mature Towns/ Estates
Sembawang (Sun Sails)	3-room	84	262	2.4	4.8	3.1
Sembawang (Sun Sails)	4-room	238	686	2.7	4.1	2.9
Sembawang (Sun Sails)	5-room	184	647	2.9	7.1	3.5
Tengah (Garden Court @ Tengah / Garden Terrace @ Tengah *)	3-room	218	182	0.6	1.5	0.8
Tengah (Garden Court @ Tengah / Garden Terrace @ Tengah *)	4-room	570	1009	1.4	8.1	1.8
Tengah (Garden Court @ Tengah / Garden Terrace @ Tengah *)	5-room	327	863	2.0	14.6	2.6
Mature Towns/ Estates	Mature Towns/ Estates	Mature Towns/ Estates	Mature Towns/ Estates	Mature Towns/ Estates	Mature Towns/ Estates	Mature Towns/ Estates
Bishan (Bishan Ridges)	3-room	124	480	1.7	46.3	3.9
Bishan (Bishan Ridges)	4-room	1222	5222	3.0	27.6	4.3
Tampines (Tampines GreenEmerald)	4-room	360	946	2.1	12.6	2.6
Tampines (Tampines GreenEmerald)	5-room	244	688	1.8	22.3	2.8
Toa Payoh (Bartley Beacon / ParkView @ Bidadari)	3-room	184	202	0.5	12.2	1.1
Toa Payoh (Bartley Beacon / ParkView @ Bidadari)	4-room	910	1883	1.7	9.3	2.1
Toa Payoh (Bartley Beacon)	5-room	144	1405	4.6	111.0	9.8
TOTAL	TOTAL	4809	14475	2.2	13.5	3.0
2020/11/21 11:05:02
Project	No of Units	Number of Applicants	Application Rate^	Application Rate^	Application Rate^	Application Rate^	Application Rate^
Project	No of Units	Number of Applicants	Elderly	Non-Elderly	Non-Elderly	Non-Elderly	Overall
Project	No of Units	Number of Applicants	Elderly	First Timers	Second Timers	Singles	Overall
Non-Mature Towns /Estates	Non-Mature Towns /Estates	Non-Mature Towns /Estates	Non-Mature Towns /Estates	Non-Mature Towns /Estates	Non-Mature Towns /Estates	Non-Mature Towns /Estates	Non-Mature Towns /Estates
Sembawang (Sun Sails)	220	652	1.6	0.6	0.4	7.8	3.0
Tengah (Garden Court @ Tengah / Garden Terrace @ Tengah *)	464	455	0.4	0.1	0.1	1.9	1.0
Mature Towns /Estates	Mature Towns /Estates	Mature Towns /Estates	Mature Towns /Estates	Mature Towns /Estates	Mature Towns /Estates	Mature Towns /Estates	Mature Towns /Estates
Bishan (Bishan Ridges)	156	469	3.0	NA	NA	NA	3.0
Tampines (Tampines GreenEmerald)	146	235	2.0	0.2	10.5	NA	1.6
TOTAL	986	1811	1.7	0.2	0.3	3.3	1.8
Project	Flat Type	No of Units	Number of Applicants	Application Rate^	Application Rate^	Application Rate^
Project	Flat Type	No of Units	Number of Applicants	Non-Elderly	Non-Elderly	Non-Elderly
Project	Flat Type	No of Units	Number of Applicants	First Timers	Second Timers	Overall
Non-Mature Towns/ Estates	Non-Mature Towns/ Estates	Non-Mature Towns/ Estates	Non-Mature Towns/ Estates	Non-Mature Towns/ Estates	Non-Mature Towns/ Estates	Non-Mature Towns/ Estates
Sembawang (Sun Sails)	3-room	84	262	2.4	4.8	3.1
Sembawang (Sun Sails)	4-room	238	687	2.7	4.1	2.9
Sembawang (Sun Sails)	5-room	184	650	2.9	7.2	3.5
Tengah (Garden Court @ Tengah / Garden Terrace @ Tengah *)	3-room	218	183	0.6	1.5	0.8
Tengah (Garden Court @ Tengah / Garden Terrace @ Tengah *)	4-room	570	1013	1.4	8.2	1.8
Tengah (Garden Court @ Tengah / Garden Terrace @ Tengah *)	5-room	327	869	2.0	14.7	2.7
Mature Towns/ Estates	Mature Towns/ Estates	Mature Towns/ Estates	Mature Towns/ Estates	Mature Towns/ Estates	Mature Towns/ Estates	Mature Towns/ Estates
Bishan (Bishan Ridges)	3-room	124	485	1.7	46.8	3.9
Bishan (Bishan Ridges)	4-room	1222	5262	3.1	27.9	4.3
Tampines (Tampines GreenEmerald)	4-room	360	950	2.1	12.6	2.6
Tampines (Tampines GreenEmerald)	5-room	244	695	1.8	22.8	2.8
Toa Payoh (Bartley Beacon / ParkView @ Bidadari)	3-room	184	203	0.5	12.2	1.1
Toa Payoh (Bartley Beacon / ParkView @ Bidadari)	4-room	910	1894	1.7	9.4	2.1
Toa Payoh (Bartley Beacon)	5-room	144	1420	4.6	112.7	9.9
TOTAL	TOTAL	4809	14573	2.2	13.6	3.0
2020/11/21 14:05:01
Project	No of Units	Number of Applicants	Application Rate^	Application Rate^	Application Rate^	Application Rate^	Application Rate^
Project	No of Units	Number of Applicants	Elderly	Non-Elderly	Non-Elderly	Non-Elderly	Overall
Project	No of Units	Number of Applicants	Elderly	First Timers	Second Timers	Singles	Overall
Non-Mature Towns /Estates	Non-Mature Towns /Estates	Non-Mature Towns /Estates	Non-Mature Towns /Estates	Non-Mature Towns /Estates	Non-Mature Towns /Estates	Non-Mature Towns /Estates	Non-Mature Towns /Estates
Sembawang (Sun Sails)	220	665	1.6	0.6	0.4	7.9	3.0
Tengah (Garden Court @ Tengah / Garden Terrace @ Tengah *)	464	469	0.5	0.1	0.1	2.0	1.0
Mature Towns /Estates	Mature Towns /Estates	Mature Towns /Estates	Mature Towns /Estates	Mature Towns /Estates	Mature Towns /Estates	Mature Towns /Estates	Mature Towns /Estates
Bishan (Bishan Ridges)	156	478	3.1	NA	NA	NA	3.1
Tampines (Tampines GreenEmerald)	146	241	2.1	0.2	10.5	NA	1.7
TOTAL	986	1853	1.7	0.2	0.3	3.4	1.9
Project	Flat Type	No of Units	Number of Applicants	Application Rate^	Application Rate^	Application Rate^
Project	Flat Type	No of Units	Number of Applicants	Non-Elderly	Non-Elderly	Non-Elderly
Project	Flat Type	No of Units	Number of Applicants	First Timers	Second Timers	Overall
Non-Mature Towns/ Estates	Non-Mature Towns/ Estates	Non-Mature Towns/ Estates	Non-Mature Towns/ Estates	Non-Mature Towns/ Estates	Non-Mature Towns/ Estates	Non-Mature Towns/ Estates
Sembawang (Sun Sails)	3-room	84	269	2.5	4.9	3.2
Sembawang (Sun Sails)	4-room	238	694	2.7	4.3	2.9
Sembawang (Sun Sails)	5-room	184	667	3.0	7.3	3.6
Tengah (Garden Court @ Tengah / Garden Terrace @ Tengah *)	3-room	218	185	0.6	1.5	0.8
Tengah (Garden Court @ Tengah / Garden Terrace @ Tengah *)	4-room	570	1025	1.5	8.4	1.8
Tengah (Garden Court @ Tengah / Garden Terrace @ Tengah *)	5-room	327	885	2.1	15.0	2.7
Mature Towns/ Estates	Mature Towns/ Estates	Mature Towns/ Estates	Mature Towns/ Estates	Mature Towns/ Estates	Mature Towns/ Estates	Mature Towns/ Estates
Bishan (Bishan Ridges)	3-room	124	499	1.8	48.5	4.0
Bishan (Bishan Ridges)	4-room	1222	5403	3.1	28.7	4.4
Tampines (Tampines GreenEmerald)	4-room	360	966	2.1	12.9	2.7
Tampines (Tampines GreenEmerald)	5-room	244	711	1.9	23.3	2.9
Toa Payoh (Bartley Beacon / ParkView @ Bidadari)	3-room	184	207	0.5	12.7	1.1
Toa Payoh (Bartley Beacon / ParkView @ Bidadari)	4-room	910	1948	1.7	9.7	2.1
Toa Payoh (Bartley Beacon)	5-room	144	1449	4.7	115.3	10.1
TOTAL	TOTAL	4809	14908	2.2	14.0	3.1
2020/11/21 17:05:02
Project	No of Units	Number of Applicants	Application Rate^	Application Rate^	Application Rate^	Application Rate^	Application Rate^
Project	No of Units	Number of Applicants	Elderly	Non-Elderly	Non-Elderly	Non-Elderly	Overall
Project	No of Units	Number of Applicants	Elderly	First Timers	Second Timers	Singles	Overall
Non-Mature Towns /Estates	Non-Mature Towns /Estates	Non-Mature Towns /Estates	Non-Mature Towns /Estates	Non-Mature Towns /Estates	Non-Mature Towns /Estates	Non-Mature Towns /Estates	Non-Mature Towns /Estates
Sembawang (Sun Sails)	220	680	1.7	0.6	0.4	8.1	3.1
Tengah (Garden Court @ Tengah / Garden Terrace @ Tengah *)	464	477	0.5	0.1	0.1	2.0	1.0
Mature Towns /Estates	Mature Towns /Estates	Mature Towns /Estates	Mature Towns /Estates	Mature Towns /Estates	Mature Towns /Estates	Mature Towns /Estates	Mature Towns /Estates
Bishan (Bishan Ridges)	156	494	3.2	NA	NA	NA	3.2
Tampines (Tampines GreenEmerald)	146	250	2.2	0.2	12.0	NA	1.7
TOTAL	986	1901	1.7	0.2	0.3	3.5	1.9
Project	Flat Type	No of Units	Number of Applicants	Application Rate^	Application Rate^	Application Rate^
Project	Flat Type	No of Units	Number of Applicants	Non-Elderly	Non-Elderly	Non-Elderly
Project	Flat Type	No of Units	Number of Applicants	First Timers	Second Timers	Overall
Non-Mature Towns/ Estates	Non-Mature Towns/ Estates	Non-Mature Towns/ Estates	Non-Mature Towns/ Estates	Non-Mature Towns/ Estates	Non-Mature Towns/ Estates	Non-Mature Towns/ Estates
Sembawang (Sun Sails)	3-room	84	275	2.5	5.0	3.3
Sembawang (Sun Sails)	4-room	238	711	2.8	4.3	3.0
Sembawang (Sun Sails)	5-room	184	696	3.1	7.6	3.8
Tengah (Garden Court @ Tengah / Garden Terrace @ Tengah *)	3-room	218	192	0.6	1.6	0.9
Tengah (Garden Court @ Tengah / Garden Terrace @ Tengah *)	4-room	570	1051	1.5	8.6	1.8
Tengah (Garden Court @ Tengah / Garden Terrace @ Tengah *)	5-room	327	911	2.1	15.6	2.8
Mature Towns/ Estates	Mature Towns/ Estates	Mature Towns/ Estates	Mature Towns/ Estates	Mature Towns/ Estates	Mature Towns/ Estates	Mature Towns/ Estates
Bishan (Bishan Ridges)	3-room	124	525	1.9	50.8	4.2
Bishan (Bishan Ridges)	4-room	1222	5619	3.3	29.6	4.6
Tampines (Tampines GreenEmerald)	4-room	360	998	2.2	13.4	2.8
Tampines (Tampines GreenEmerald)	5-room	244	733	1.9	23.8	3.0
Toa Payoh (Bartley Beacon / ParkView @ Bidadari)	3-room	184	230	0.6	13.4	1.3
Toa Payoh (Bartley Beacon / ParkView @ Bidadari)	4-room	910	2074	1.9	10.1	2.3
Toa Payoh (Bartley Beacon)	5-room	144	1479	4.8	116.6	10.3
TOTAL	TOTAL	4809	15494	2.3	14.4	3.2
2020/11/22 08:05:03
Project	No of Units	Number of Applicants	Application Rate^	Application Rate^	Application Rate^	Application Rate^	Application Rate^
Project	No of Units	Number of Applicants	Elderly	Non-Elderly	Non-Elderly	Non-Elderly	Overall
Project	No of Units	Number of Applicants	Elderly	First Timers	Second Timers	Singles	Overall
Non-Mature Towns /Estates	Non-Mature Towns /Estates	Non-Mature Towns /Estates	Non-Mature Towns /Estates	Non-Mature Towns /Estates	Non-Mature Towns /Estates	Non-Mature Towns /Estates	Non-Mature Towns /Estates
Sembawang (Sun Sails)	220	708	1.8	0.6	0.4	8.4	3.2
Tengah (Garden Court @ Tengah / Garden Terrace @ Tengah *)	464	503	0.5	0.1	0.1	2.1	1.1
Mature Towns /Estates	Mature Towns /Estates	Mature Towns /Estates	Mature Towns /Estates	Mature Towns /Estates	Mature Towns /Estates	Mature Towns /Estates	Mature Towns /Estates
Bishan (Bishan Ridges)	156	535	3.4	NA	NA	NA	3.4
Tampines (Tampines GreenEmerald)	146	261	2.3	0.2	13.0	NA	1.8
TOTAL	986	2007	1.9	0.2	0.3	3.7	2.0
Project	Flat Type	No of Units	Number of Applicants	Application Rate^	Application Rate^	Application Rate^
Project	Flat Type	No of Units	Number of Applicants	Non-Elderly	Non-Elderly	Non-Elderly
Project	Flat Type	No of Units	Number of Applicants	First Timers	Second Timers	Overall
Non-Mature Towns/ Estates	Non-Mature Towns/ Estates	Non-Mature Towns/ Estates	Non-Mature Towns/ Estates	Non-Mature Towns/ Estates	Non-Mature Towns/ Estates	Non-Mature Towns/ Estates
Sembawang (Sun Sails)	3-room	84	287	2.6	5.4	3.4
Sembawang (Sun Sails)	4-room	238	770	3.0	4.5	3.2
Sembawang (Sun Sails)	5-room	184	785	3.6	8.3	4.3
Tengah (Garden Court @ Tengah / Garden Terrace @ Tengah *)	3-room	218	204	0.6	1.8	0.9
Tengah (Garden Court @ Tengah / Garden Terrace @ Tengah *)	4-room	570	1167	1.7	9.5	2.0
Tengah (Garden Court @ Tengah / Garden Terrace @ Tengah *)	5-room	327	995	2.3	16.8	3.0
Mature Towns/ Estates	Mature Towns/ Estates	Mature Towns/ Estates	Mature Towns/ Estates	Mature Towns/ Estates	Mature Towns/ Estates	Mature Towns/ Estates
Bishan (Bishan Ridges)	3-room	124	597	2.2	56.5	4.8
Bishan (Bishan Ridges)	4-room	1222	6341	3.8	32.3	5.2
Tampines (Tampines GreenEmerald)	4-room	360	1105	2.5	14.7	3.1
Tampines (Tampines GreenEmerald)	5-room	244	834	2.3	25.7	3.4
Toa Payoh (Bartley Beacon / ParkView @ Bidadari)	3-room	184	271	0.8	15.2	1.5
Toa Payoh (Bartley Beacon / ParkView @ Bidadari)	4-room	910	2433	2.2	11.0	2.7
Toa Payoh (Bartley Beacon)	5-room	144	1612	5.4	124.7	11.2
TOTAL	TOTAL	4809	17401	2.7	15.7	3.6
2020/11/22 11:05:02
Project	No of Units	Number of Applicants	Application Rate^	Application Rate^	Application Rate^	Application Rate^	Application Rate^
Project	No of Units	Number of Applicants	Elderly	Non-Elderly	Non-Elderly	Non-Elderly	Overall
Project	No of Units	Number of Applicants	Elderly	First Timers	Second Timers	Singles	Overall
Non-Mature Towns /Estates	Non-Mature Towns /Estates	Non-Mature Towns /Estates	Non-Mature Towns /Estates	Non-Mature Towns /Estates	Non-Mature Towns /Estates	Non-Mature Towns /Estates	Non-Mature Towns /Estates
Sembawang (Sun Sails)	220	710	1.8	0.6	0.4	8.4	3.2
Tengah (Garden Court @ Tengah / Garden Terrace @ Tengah *)	464	506	0.5	0.1	0.1	2.1	1.1
Mature Towns /Estates	Mature Towns /Estates	Mature Towns /Estates	Mature Towns /Estates	Mature Towns /Estates	Mature Towns /Estates	Mature Towns /Estates	Mature Towns /Estates
Bishan (Bishan Ridges)	156	538	3.4	NA	NA	NA	3.4
Tampines (Tampines GreenEmerald)	146	266	2.3	0.2	13.0	NA	1.8
TOTAL	986	2020	1.9	0.2	0.3	3.7	2.0
Project	Flat Type	No of Units	Number of Applicants	Application Rate^	Application Rate^	Application Rate^
Project	Flat Type	No of Units	Number of Applicants	Non-Elderly	Non-Elderly	Non-Elderly
Project	Flat Type	No of Units	Number of Applicants	First Timers	Second Timers	Overall
Non-Mature Towns/ Estates	Non-Mature Towns/ Estates	Non-Mature Towns/ Estates	Non-Mature Towns/ Estates	Non-Mature Towns/ Estates	Non-Mature Towns/ Estates	Non-Mature Towns/ Estates
Sembawang (Sun Sails)	3-room	84	288	2.6	5.4	3.4
Sembawang (Sun Sails)	4-room	238	774	3.0	4.5	3.3
Sembawang (Sun Sails)	5-room	184	788	3.6	8.4	4.3
Tengah (Garden Court @ Tengah / Garden Terrace @ Tengah *)	3-room	218	204	0.6	1.8	0.9
Tengah (Garden Court @ Tengah / Garden Terrace @ Tengah *)	4-room	570	1172	1.7	9.5	2.1
Tengah (Garden Court @ Tengah / Garden Terrace @ Tengah *)	5-room	327	1001	2.4	16.9	3.1
Mature Towns/ Estates	Mature Towns/ Estates	Mature Towns/ Estates	Mature Towns/ Estates	Mature Towns/ Estates	Mature Towns/ Estates	Mature Towns/ Estates
Bishan (Bishan Ridges)	3-room	124	598	2.2	56.7	4.8
Bishan (Bishan Ridges)	4-room	1222	6386	3.8	32.7	5.2
Tampines (Tampines GreenEmerald)	4-room	360	1107	2.5	14.8	3.1
Tampines (Tampines GreenEmerald)	5-room	244	837	2.3	25.7	3.4
Toa Payoh (Bartley Beacon / ParkView @ Bidadari)	3-room	184	271	0.8	15.2	1.5
Toa Payoh (Bartley Beacon / ParkView @ Bidadari)	4-room	910	2455	2.3	11.1	2.7
Toa Payoh (Bartley Beacon)	5-room	144	1627	5.4	126.1	11.3
TOTAL	TOTAL	4809	17508	2.7	15.8	3.6
2020/11/22 14:05:02
Project	No of Units	Number of Applicants	Application Rate^	Application Rate^	Application Rate^	Application Rate^	Application Rate^
Project	No of Units	Number of Applicants	Elderly	Non-Elderly	Non-Elderly	Non-Elderly	Overall
Project	No of Units	Number of Applicants	Elderly	First Timers	Second Timers	Singles	Overall
Non-Mature Towns /Estates	Non-Mature Towns /Estates	Non-Mature Towns /Estates	Non-Mature Towns /Estates	Non-Mature Towns /Estates	Non-Mature Towns /Estates	Non-Mature Towns /Estates	Non-Mature Towns /Estates
Sembawang (Sun Sails)	220	719	1.8	0.6	0.4	8.5	3.3
Tengah (Garden Court @ Tengah / Garden Terrace @ Tengah *)	464	519	0.5	0.1	0.1	2.2	1.1
Mature Towns /Estates	Mature Towns /Estates	Mature Towns /Estates	Mature Towns /Estates	Mature Towns /Estates	Mature Towns /Estates	Mature Towns /Estates	Mature Towns /Estates
Bishan (Bishan Ridges)	156	542	3.5	NA	NA	NA	3.5
Tampines (Tampines GreenEmerald)	146	273	2.4	0.2	13.0	NA	1.9
TOTAL	986	2053	1.9	0.2	0.3	3.8	2.1
Project	Flat Type	No of Units	Number of Applicants	Application Rate^	Application Rate^	Application Rate^
Project	Flat Type	No of Units	Number of Applicants	Non-Elderly	Non-Elderly	Non-Elderly
Project	Flat Type	No of Units	Number of Applicants	First Timers	Second Timers	Overall
Non-Mature Towns/ Estates	Non-Mature Towns/ Estates	Non-Mature Towns/ Estates	Non-Mature Towns/ Estates	Non-Mature Towns/ Estates	Non-Mature Towns/ Estates	Non-Mature Towns/ Estates
Sembawang (Sun Sails)	3-room	84	295	2.6	5.6	3.5
Sembawang (Sun Sails)	4-room	238	783	3.1	4.6	3.3
Sembawang (Sun Sails)	5-room	184	811	3.7	8.6	4.4
Tengah (Garden Court @ Tengah / Garden Terrace @ Tengah *)	3-room	218	209	0.6	1.8	1.0
Tengah (Garden Court @ Tengah / Garden Terrace @ Tengah *)	4-room	570	1201	1.7	9.9	2.1
Tengah (Garden Court @ Tengah / Garden Terrace @ Tengah *)	5-room	327	1022	2.4	17.2	3.1
Mature Towns/ Estates	Mature Towns/ Estates	Mature Towns/ Estates	Mature Towns/ Estates	Mature Towns/ Estates	Mature Towns/ Estates	Mature Towns/ Estates
Bishan (Bishan Ridges)	3-room	124	616	2.3	58.3	5.0
Bishan (Bishan Ridges)	4-room	1222	6543	3.9	33.5	5.4
Tampines (Tampines GreenEmerald)	4-room	360	1125	2.5	15.2	3.1
Tampines (Tampines GreenEmerald)	5-room	244	861	2.3	26.6	3.5
Toa Payoh (Bartley Beacon / ParkView @ Bidadari)	3-room	184	286	0.8	16.2	1.6
Toa Payoh (Bartley Beacon / ParkView @ Bidadari)	4-room	910	2518	2.3	11.6	2.8
Toa Payoh (Bartley Beacon)	5-room	144	1661	5.5	129.4	11.5
TOTAL	TOTAL	4809	17931	2.7	16.3	3.7
2020/11/22 17:05:02
Project	No of Units	Number of Applicants	Application Rate^	Application Rate^	Application Rate^	Application Rate^	Application Rate^
Project	No of Units	Number of Applicants	Elderly	Non-Elderly	Non-Elderly	Non-Elderly	Overall
Project	No of Units	Number of Applicants	Elderly	First Timers	Second Timers	Singles	Overall
Non-Mature Towns /Estates	Non-Mature Towns /Estates	Non-Mature Towns /Estates	Non-Mature Towns /Estates	Non-Mature Towns /Estates	Non-Mature Towns /Estates	Non-Mature Towns /Estates	Non-Mature Towns /Estates
Sembawang (Sun Sails)	220	737	1.8	0.6	0.4	8.8	3.3
Tengah (Garden Court @ Tengah / Garden Terrace @ Tengah *)	464	529	0.5	0.1	0.1	2.3	1.1
Mature Towns /Estates	Mature Towns /Estates	Mature Towns /Estates	Mature Towns /Estates	Mature Towns /Estates	Mature Towns /Estates	Mature Towns /Estates	Mature Towns /Estates
Bishan (Bishan Ridges)	156	552	3.5	NA	NA	NA	3.5
Tampines (Tampines GreenEmerald)	146	281	2.5	0.2	13.0	NA	1.9
TOTAL	986	2099	1.9	0.2	0.3	3.9	2.1
Project	Flat Type	No of Units	Number of Applicants	Application Rate^	Application Rate^	Application Rate^
Project	Flat Type	No of Units	Number of Applicants	Non-Elderly	Non-Elderly	Non-Elderly
Project	Flat Type	No of Units	Number of Applicants	First Timers	Second Timers	Overall
Non-Mature Towns/ Estates	Non-Mature Towns/ Estates	Non-Mature Towns/ Estates	Non-Mature Towns/ Estates	Non-Mature Towns/ Estates	Non-Mature Towns/ Estates	Non-Mature Towns/ Estates
Sembawang (Sun Sails)	3-room	84	301	2.7	5.8	3.6
Sembawang (Sun Sails)	4-room	238	797	3.1	4.7	3.3
Sembawang (Sun Sails)	5-room	184	842	3.8	9.1	4.6
Tengah (Garden Court @ Tengah / Garden Terrace @ Tengah *)	3-room	218	214	0.6	1.9	1.0
Tengah (Garden Court @ Tengah / Garden Terrace @ Tengah *)	4-room	570	1247	1.8	10.1	2.2
Tengah (Garden Court @ Tengah / Garden Terrace @ Tengah *)	5-room	327	1057	2.5	17.6	3.2
Mature Towns/ Estates	Mature Towns/ Estates	Mature Towns/ Estates	Mature Towns/ Estates	Mature Towns/ Estates	Mature Towns/ Estates	Mature Towns/ Estates
Bishan (Bishan Ridges)	3-room	124	631	2.3	59.8	5.1
Bishan (Bishan Ridges)	4-room	1222	6790	4.0	34.6	5.6
Tampines (Tampines GreenEmerald)	4-room	360	1160	2.6	15.8	3.2
Tampines (Tampines GreenEmerald)	5-room	244	894	2.4	27.6	3.7
Toa Payoh (Bartley Beacon / ParkView @ Bidadari)	3-room	184	303	0.9	16.8	1.6
Toa Payoh (Bartley Beacon / ParkView @ Bidadari)	4-room	910	2651	2.4	12.0	2.9
Toa Payoh (Bartley Beacon)	5-room	144	1707	5.7	132.4	11.9
TOTAL	TOTAL	4809	18594	2.8	16.8	3.9
2020/11/23 08:05:02
Project	No of Units	Number of Applicants	Application Rate^	Application Rate^	Application Rate^	Application Rate^	Application Rate^
Project	No of Units	Number of Applicants	Elderly	Non-Elderly	Non-Elderly	Non-Elderly	Overall
Project	No of Units	Number of Applicants	Elderly	First Timers	Second Timers	Singles	Overall
Non-Mature Towns /Estates	Non-Mature Towns /Estates	Non-Mature Towns /Estates	Non-Mature Towns /Estates	Non-Mature Towns /Estates	Non-Mature Towns /Estates	Non-Mature Towns /Estates	Non-Mature Towns /Estates
Sembawang (Sun Sails)	220	783	1.9	0.7	0.4	9.3	3.6
Tengah (Garden Court @ Tengah / Garden Terrace @ Tengah *)	464	575	0.6	0.1	0.1	2.6	1.2
Mature Towns /Estates	Mature Towns /Estates	Mature Towns /Estates	Mature Towns /Estates	Mature Towns /Estates	Mature Towns /Estates	Mature Towns /Estates	Mature Towns /Estates
Bishan (Bishan Ridges)	156	600	3.8	NA	NA	NA	3.8
Tampines (Tampines GreenEmerald)	146	311	2.7	0.2	13.5	NA	2.1
TOTAL	986	2269	2.1	0.2	0.4	4.3	2.3
Project	Flat Type	No of Units	Number of Applicants	Application Rate^	Application Rate^	Application Rate^
Project	Flat Type	No of Units	Number of Applicants	Non-Elderly	Non-Elderly	Non-Elderly
Project	Flat Type	No of Units	Number of Applicants	First Timers	Second Timers	Overall
Non-Mature Towns/ Estates	Non-Mature Towns/ Estates	Non-Mature Towns/ Estates	Non-Mature Towns/ Estates	Non-Mature Towns/ Estates	Non-Mature Towns/ Estates	Non-Mature Towns/ Estates
Sembawang (Sun Sails)	3-room	84	317	2.7	6.2	3.8
Sembawang (Sun Sails)	4-room	238	889	3.5	5.2	3.7
Sembawang (Sun Sails)	5-room	184	950	4.3	10.1	5.2
Tengah (Garden Court @ Tengah / Garden Terrace @ Tengah *)	3-room	218	239	0.7	2.1	1.1
Tengah (Garden Court @ Tengah / Garden Terrace @ Tengah *)	4-room	570	1378	2.0	11.4	2.4
Tengah (Garden Court @ Tengah / Garden Terrace @ Tengah *)	5-room	327	1182	2.8	19.7	3.6
Mature Towns/ Estates	Mature Towns/ Estates	Mature Towns/ Estates	Mature Towns/ Estates	Mature Towns/ Estates	Mature Towns/ Estates	Mature Towns/ Estates
Bishan (Bishan Ridges)	3-room	124	712	2.5	68.7	5.7
Bishan (Bishan Ridges)	4-room	1222	7715	4.6	39.0	6.3
Tampines (Tampines GreenEmerald)	4-room	360	1296	2.9	17.3	3.6
Tampines (Tampines GreenEmerald)	5-room	244	1005	2.8	30.3	4.1
Toa Payoh (Bartley Beacon / ParkView @ Bidadari)	3-room	184	343	1.0	18.7	1.9
Toa Payoh (Bartley Beacon / ParkView @ Bidadari)	4-room	910	3149	2.9	14.2	3.5
Toa Payoh (Bartley Beacon)	5-room	144	1897	6.4	146.3	13.2
TOTAL	TOTAL	4809	21072	3.2	18.9	4.4
2020/11/23 11:05:05
Project	No of Units	Number of Applicants	Application Rate^	Application Rate^	Application Rate^	Application Rate^	Application Rate^
Project	No of Units	Number of Applicants	Elderly	Non-Elderly	Non-Elderly	Non-Elderly	Overall
Project	No of Units	Number of Applicants	Elderly	First Timers	Second Timers	Singles	Overall
Non-Mature Towns /Estates	Non-Mature Towns /Estates	Non-Mature Towns /Estates	Non-Mature Towns /Estates	Non-Mature Towns /Estates	Non-Mature Towns /Estates	Non-Mature Towns /Estates	Non-Mature Towns /Estates
Sembawang (Sun Sails)	220	789	2.0	0.7	0.4	9.4	3.6
Tengah (Garden Court @ Tengah / Garden Terrace @ Tengah *)	464	582	0.6	0.1	0.1	2.6	1.3
Mature Towns /Estates	Mature Towns /Estates	Mature Towns /Estates	Mature Towns /Estates	Mature Towns /Estates	Mature Towns /Estates	Mature Towns /Estates	Mature Towns /Estates
Bishan (Bishan Ridges)	156	606	3.9	NA	NA	NA	3.9
Tampines (Tampines GreenEmerald)	146	313	2.8	0.2	13.5	NA	2.1
TOTAL	986	2290	2.1	0.2	0.4	4.4	2.3
Project	Flat Type	No of Units	Number of Applicants	Application Rate^	Application Rate^	Application Rate^
Project	Flat Type	No of Units	Number of Applicants	Non-Elderly	Non-Elderly	Non-Elderly
Project	Flat Type	No of Units	Number of Applicants	First Timers	Second Timers	Overall
Non-Mature Towns/ Estates	Non-Mature Towns/ Estates	Non-Mature Towns/ Estates	Non-Mature Towns/ Estates	Non-Mature Towns/ Estates	Non-Mature Towns/ Estates	Non-Mature Towns/ Estates
Sembawang (Sun Sails)	3-room	84	320	2.7	6.3	3.8
Sembawang (Sun Sails)	4-room	238	895	3.5	5.3	3.8
Sembawang (Sun Sails)	5-room	184	957	4.3	10.3	5.2
Tengah (Garden Court @ Tengah / Garden Terrace @ Tengah *)	3-room	218	245	0.7	2.2	1.1
Tengah (Garden Court @ Tengah / Garden Terrace @ Tengah *)	4-room	570	1381	2.0	11.5	2.4
Tengah (Garden Court @ Tengah / Garden Terrace @ Tengah *)	5-room	327	1189	2.8	19.9	3.6
Mature Towns/ Estates	Mature Towns/ Estates	Mature Towns/ Estates	Mature Towns/ Estates	Mature Towns/ Estates	Mature Towns/ Estates	Mature Towns/ Estates
Bishan (Bishan Ridges)	3-room	124	721	2.6	69.8	5.8
Bishan (Bishan Ridges)	4-room	1222	7773	4.6	39.5	6.4
Tampines (Tampines GreenEmerald)	4-room	360	1309	2.9	17.8	3.6
Tampines (Tampines GreenEmerald)	5-room	244	1015	2.8	30.8	4.2
Toa Payoh (Bartley Beacon / ParkView @ Bidadari)	3-room	184	346	1.0	18.9	1.9
Toa Payoh (Bartley Beacon / ParkView @ Bidadari)	4-room	910	3175	2.9	14.5	3.5
Toa Payoh (Bartley Beacon)	5-room	144	1916	6.4	148.1	13.3
TOTAL	TOTAL	4809	21242	3.2	19.2	4.4
