2020/11/17 14:15:10							
Project	No of Units	Number of Applicants	Application Rate^	Application Rate^	Application Rate^	Application Rate^	Application Rate^
Project	No of Units	Number of Applicants	Elderly	Non-Elderly	Non-Elderly	Non-Elderly	Overall
Project	No of Units	Number of Applicants	Elderly	First Timers	Second Timers	Singles	Overall
Non-Mature Towns/Estates	Non-Mature Towns/Estates	Non-Mature Towns/Estates	Non-Mature Towns/Estates	Non-Mature Towns/Estates	Non-Mature Towns/Estates	Non-Mature Towns/Estates	Non-Mature Towns/Estates
Bukit Batok	38	4	0.1	0	2	0	0.1
Bukit Panjang	15	1	0	0	NA	NA	0.1
Choa Chu Kang	13	2	0	0	NA	NA	0.2
Hougang	22	5	0.2	0	NA	NA	0.2
Jurong East / West	53	4	0.1	0	0	0.5	0.1
Punggol	309	5	0	0	0	0.3	0
Sembawang	8	5	0.5	0	NA	NA	0.6
Sengkang	89	5	0.1	0	0	0.8	0.1
Tengah	692	3	0	0	0	0.1	0
Woodlands	80	3	0	0	0	0.7	0
Yishun	317	7	0	0	0.1	0	0
Mature Towns/Estates	Mature Towns/Estates	Mature Towns/Estates	Mature Towns/Estates	Mature Towns/Estates	Mature Towns/Estates	Mature Towns/Estates	Mature Towns/Estates
Ang Mo Kio	37	0	0	0	0	NA	0
Bedok	31	2	2	0	NA	NA	0.1
Bishan	2	0	0	NA	NA	NA	0
Bukit Merah	29	0	0	0	NA	NA	0
Bukit Timah	1	0	0	NA	NA	NA	0
Clementi	5	1	0.5	0	NA	NA	0.2
Geylang	81	0	0	0	0	NA	0
Kallang / Whampoa	38	0	0	0	0	NA	0
Queenstown	32	0	0	0	NA	NA	0
Serangoon	2	1	0.5	NA	NA	NA	0.5
Tampines	38	6	0.4	0	0	NA	0.2
Toa Payoh	45	1	0.1	0	0	NA	0
TOTAL	1977	161	NA	NA	NA	NA	0
Project	Flat Type	No of Units	Number of Applicants	Application Rate Δ	Application Rate Δ	Application Rate Δ	
Project	Flat Type	No of Units	Number of Applicants	Non-Elderly	Non-Elderly	Non-Elderly	
Project	Flat Type	No of Units	Number of Applicants	First Timers	Second Timers	Overall	
Non-Mature Towns/Estates	Non-Mature Towns/Estates	Non-Mature Towns/Estates	Non-Mature Towns/Estates	Non-Mature Towns/Estates	Non-Mature Towns/Estates	Non-Mature Towns/Estates	
Bukit Batok	3-room (Income ceiling $7,000)	21	1	0.1	0	0	
Bukit Batok	4-room	41	8	0.2	0	0.2	
Bukit Batok	5-room / 3Gen	31	2	0.1	0	0.1	
Bukit Panjang	3-room (Income ceiling $7,000)	6	0	0	NA	0	
Bukit Panjang	4-room	15	5	0.3	NA	0.3	
Bukit Panjang	5-room / 3Gen	5	0	0	NA	0	
Choa Chu Kang	3-room (Income ceiling $7,000)	5	2	0.4	NA	0.4	
Choa Chu Kang	4-room	12	8	0.5	NA	0.7	
Choa Chu Kang	5-room / Executive	8	2	0	NA	0.3	
Hougang	3-room (Income ceiling $7,000)	5	0	0	NA	0	
Hougang	3-room (Income ceiling $14,000)	1	0	0	NA	0	
Hougang	4-room	29	8	0.3	1	0.3	
Hougang	5-room / 3Gen	6	5	0.5	NA	0.8	
Jurong East / West	3-room (Income ceiling $7,000)	32	2	0	1	0.1	
Jurong East / West	4-room	27	4	0.2	0	0.1	
Jurong East / West	5-room / 3Gen / Executive	46	2	0	0.5	0	
Punggol	3-room (Income ceiling $7,000)	29	2	0.1	0	0.1	
Punggol	3-room (Income ceiling $14,000)	18	0	0	NA	0	
Punggol	4-room	164	9	0	0.3	0.1	
Punggol	5-room / 3Gen	85	7	0	1	0.1	
Sembawang	3-room (Income ceiling $7,000)	15	2	0.1	NA	0.1	
Sembawang	4-room	46	10	0.2	0.5	0.2	
Sembawang	5-room	38	13	0.3	2	0.3	
Sengkang	3-room (Income ceiling $7,000)	30	6	0.1	2	0.2	
Sengkang	4-room	86	8	0.1	0.5	0.1	
Sengkang	5-room / 3Gen / Executive	79	4	0	0.3	0.1	
Tengah	3-room (Income ceiling $7,000)	66	0	0	0	0	
Tengah	4-room	33	4	0.1	0	0.1	
Tengah	5-room / 3Gen	47	7	0.1	1	0.1	
Woodlands	3-room (Income ceiling $7,000)	26	6	0	5	0.2	
Woodlands	4-room	57	12	0.2	0	0.2	
Woodlands	5-room / 3Gen / Executive	33	7	0.2	1	0.2	
Yishun	3-room (Income ceiling $7,000)	102	8	0.1	0.2	0.1	
Yishun	4-room	492	14	0	0	0	
Yishun	5-room / 3Gen	196	2	0	0	0	
Mature Towns/Estates	Mature Towns/Estates	Mature Towns/Estates	Mature Towns/Estates	Mature Towns/Estates	Mature Towns/Estates	Mature Towns/Estates	
Ang Mo Kio	3-room	26	1	0	0	0	
Ang Mo Kio	4-room	20	1	0	1	0.1	
Ang Mo Kio	5-room / 3Gen	7	0	0	NA	0	
Bedok	3-room	27	0	0	0	0	
Bedok	4-room	36	8	0.1	5	0.2	
Bedok	5-room / Executive	8	0	0	NA	0	
Bishan	4-room	3	0	0	NA	0	
Bukit Merah	3-room	18	1	0	NA	0.1	
Bukit Merah	4-room	21	5	0.1	3	0.2	
Bukit Timah	3-room	1	0	0	NA	0	
Central	3-room	2	0	0	NA	0	
Central	5-room	1	1	1	NA	1	
Clementi	3-room	30	0	0	0	0	
Clementi	4-room	30	14	0.4	3	0.5	
Clementi	5-room / 3Gen	63	12	0.1	2.3	0.2	
Geylang	3-room	52	1	0	0	0	
Geylang	4-room	220	7	0	0.2	0	
Geylang	5-room	1	1	0	NA	1	
Kallang / Whampoa	3-room	38	0	0	0	0	
Kallang / Whampoa	4-room	66	5	0.1	0.3	0.1	
Kallang / Whampoa	5-room	3	6	1.3	NA	2	
Marine Parade	3-room	1	0	0	NA	0	
Pasir Ris	4-room	5	2	0.4	NA	0.4	
Pasir Ris	5-room / Executive	7	2	0.1	NA	0.3	
Queenstown	3-room	39	0	0	0	0	
Queenstown	4-room	22	7	0.3	1	0.3	
Queenstown	5-room	6	1	0.2	NA	0.2	
Serangoon	3-room	5	2	0.2	NA	0.4	
Serangoon	Executive	1	0	0	NA	0	
Tampines	3-room	43	4	0.1	0.5	0.1	
Tampines	4-room	206	21	0.1	0.3	0.1	
Tampines	5-room / 3Gen / Executive	118	10	0.1	0	0.1	
Toa Payoh	3-room	63	3	0	0.3	0	
Toa Payoh	4-room	109	9	0.1	0	0.1	
Toa Payoh	5-room / 3Gen	13	2	0.2	NA	0.2	
TOTAL	TOTAL	3243	296	0.1	NA	0.1	
2020/11/17 17:15:41							
Project	No of Units	Number of Applicants	Application Rate^	Application Rate^	Application Rate^	Application Rate^	Application Rate^
Project	No of Units	Number of Applicants	Elderly	Non-Elderly	Non-Elderly	Non-Elderly	Overall
Project	No of Units	Number of Applicants	Elderly	First Timers	Second Timers	Singles	Overall
Non-Mature Towns/Estates	Non-Mature Towns/Estates	Non-Mature Towns/Estates	Non-Mature Towns/Estates	Non-Mature Towns/Estates	Non-Mature Towns/Estates	Non-Mature Towns/Estates	Non-Mature Towns/Estates
Bukit Batok	38	11	0.3	0	2	4	0.3
Bukit Panjang	15	5	0.3	0.1	NA	NA	0.3
Choa Chu Kang	13	2	0	0	NA	NA	0.2
Hougang	22	15	0.9	0.1	NA	NA	0.7
Jurong East / West	53	8	0.2	0	0.5	1	0.2
Punggol	309	23	0	0	0	1.3	0.1
Sembawang	8	12	1.8	0	NA	NA	1.5
Sengkang	89	11	0.1	0	0.3	1.3	0.1
Tengah	692	9	0	0	0	0.2	0
Woodlands	80	14	0.2	0	0	2.3	0.2
Yishun	317	22	0.1	0	0.1	0.4	0.1
Mature Towns/Estates	Mature Towns/Estates	Mature Towns/Estates	Mature Towns/Estates	Mature Towns/Estates	Mature Towns/Estates	Mature Towns/Estates	Mature Towns/Estates
Ang Mo Kio	37	1	0.1	0	0	NA	0
Bedok	31	6	0.5	0	NA	NA	0.2
Bishan	2	1	0.5	NA	NA	NA	0.5
Bukit Merah	29	1	0.1	0	NA	NA	0
Bukit Timah	1	0	0	NA	NA	NA	0
Clementi	5	1	0.5	0	NA	NA	0.2
Geylang	81	1	0	0	0	NA	0
Kallang / Whampoa	38	3	0.2	0	0	NA	0.1
Queenstown	32	0	0	0	NA	NA	0
Serangoon	2	1	0.5	NA	NA	NA	0.5
Tampines	38	12	0.7	0	1	NA	0.3
Toa Payoh	45	2	0.1	0	0	NA	0
TOTAL	1977	161	NA	NA	NA	NA	0.1
Project	Flat Type	No of Units	Number of Applicants	Application Rate Δ	Application Rate Δ	Application Rate Δ	
Project	Flat Type	No of Units	Number of Applicants	Non-Elderly	Non-Elderly	Non-Elderly	
Project	Flat Type	No of Units	Number of Applicants	First Timers	Second Timers	Overall	
Non-Mature Towns/Estates	Non-Mature Towns/Estates	Non-Mature Towns/Estates	Non-Mature Towns/Estates	Non-Mature Towns/Estates	Non-Mature Towns/Estates	Non-Mature Towns/Estates	
Bukit Batok	3-room (Income ceiling $7,000)	21	7	0.3	2	0.3	
Bukit Batok	4-room	41	31	0.7	1	0.8	
Bukit Batok	5-room / 3Gen	31	8	0.3	0	0.3	
Bukit Panjang	3-room (Income ceiling $7,000)	6	0	0	NA	0	
Bukit Panjang	4-room	15	16	0.9	NA	1.1	
Bukit Panjang	5-room / 3Gen	5	7	1	NA	1.4	
Choa Chu Kang	3-room (Income ceiling $7,000)	5	3	0.6	NA	0.6	
Choa Chu Kang	4-room	12	10	0.6	NA	0.8	
Choa Chu Kang	5-room / Executive	8	5	0.4	NA	0.6	
Hougang	3-room (Income ceiling $7,000)	5	1	0.2	NA	0.2	
Hougang	3-room (Income ceiling $14,000)	1	0	0	NA	0	
Hougang	4-room	29	16	0.5	1	0.6	
Hougang	5-room / 3Gen	6	12	1.3	NA	2	
Jurong East / West	3-room (Income ceiling $7,000)	32	7	0.1	4	0.2	
Jurong East / West	4-room	27	13	0.5	0	0.5	
Jurong East / West	5-room / 3Gen / Executive	46	8	0.1	2.5	0.2	
Punggol	3-room (Income ceiling $7,000)	29	3	0.1	0	0.1	
Punggol	3-room (Income ceiling $14,000)	18	2	0.1	NA	0.1	
Punggol	4-room	164	36	0.2	1	0.2	
Punggol	5-room / 3Gen	85	20	0.1	2.3	0.2	
Sembawang	3-room (Income ceiling $7,000)	15	7	0.5	NA	0.5	
Sembawang	4-room	46	27	0.5	1.5	0.6	
Sembawang	5-room	38	25	0.6	4	0.7	
Sengkang	3-room (Income ceiling $7,000)	30	10	0.2	3	0.3	
Sengkang	4-room	86	27	0.3	1.5	0.3	
Sengkang	5-room / 3Gen / Executive	79	10	0.1	0.7	0.1	
Tengah	3-room (Income ceiling $7,000)	66	2	0	0.3	0	
Tengah	4-room	33	14	0.4	2	0.4	
Tengah	5-room / 3Gen	47	11	0.2	2	0.2	
Woodlands	3-room (Income ceiling $7,000)	26	10	0.2	5	0.4	
Woodlands	4-room	57	37	0.6	2	0.6	
Woodlands	5-room / 3Gen / Executive	33	13	0.3	2	0.4	
Yishun	3-room (Income ceiling $7,000)	102	19	0.1	1.2	0.2	
Yishun	4-room	492	29	0.1	0.2	0.1	
Yishun	5-room / 3Gen	196	7	0	0.2	0	
Mature Towns/Estates	Mature Towns/Estates	Mature Towns/Estates	Mature Towns/Estates	Mature Towns/Estates	Mature Towns/Estates	Mature Towns/Estates	
Ang Mo Kio	3-room	26	1	0	0	0	
Ang Mo Kio	4-room	20	12	0.5	3	0.6	
Ang Mo Kio	5-room / 3Gen	7	5	0.6	NA	0.7	
Bedok	3-room	27	1	0	0	0	
Bedok	4-room	36	19	0.4	6	0.5	
Bedok	5-room / Executive	8	5	0.3	NA	0.6	
Bishan	4-room	3	0	0	NA	0	
Bukit Merah	3-room	18	1	0	NA	0.1	
Bukit Merah	4-room	21	10	0.3	5	0.5	
Bukit Timah	3-room	1	0	0	NA	0	
Central	3-room	2	1	0.5	NA	0.5	
Central	5-room	1	1	1	NA	1	
Clementi	3-room	30	1	0	0	0	
Clementi	4-room	30	30	0.9	5	1	
Clementi	5-room / 3Gen	63	19	0.1	4.3	0.3	
Geylang	3-room	52	1	0	0	0	
Geylang	4-room	220	17	0.1	0.5	0.1	
Geylang	5-room	1	2	1	NA	2	
Kallang / Whampoa	3-room	38	3	0	2	0.1	
Kallang / Whampoa	4-room	66	15	0.2	1	0.2	
Kallang / Whampoa	5-room	3	10	2	NA	3.3	
Marine Parade	3-room	1	1	1	NA	1	
Pasir Ris	4-room	5	8	1.4	NA	1.6	
Pasir Ris	5-room / Executive	7	7	0.4	NA	1	
Queenstown	3-room	39	1	0	0	0	
Queenstown	4-room	22	16	0.6	4	0.7	
Queenstown	5-room	6	1	0.2	NA	0.2	
Serangoon	3-room	5	2	0.2	NA	0.4	
Serangoon	Executive	1	2	2	NA	2	
Tampines	3-room	43	8	0.1	1.5	0.2	
Tampines	4-room	206	59	0.3	0.7	0.3	
Tampines	5-room / 3Gen / Executive	118	17	0.1	0.6	0.1	
Toa Payoh	3-room	63	4	0.1	0.3	0.1	
Toa Payoh	4-room	109	23	0.2	1.4	0.2	
Toa Payoh	5-room / 3Gen	13	5	0.2	NA	0.4	
TOTAL	TOTAL	3243	761	0.2	NA	0.2	
2020/11/18 08:07:01
Project	No of Units	Number of Applicants	Application Rate^	Application Rate^	Application Rate^	Application Rate^	Application Rate^
Project	No of Units	Number of Applicants	Elderly	Non-Elderly	Non-Elderly	Non-Elderly	Overall
Project	No of Units	Number of Applicants	Elderly	First Timers	Second Timers	Singles	Overall
Non-Mature Towns/Estates	Non-Mature Towns/Estates	Non-Mature Towns/Estates	Non-Mature Towns/Estates	Non-Mature Towns/Estates	Non-Mature Towns/Estates	Non-Mature Towns/Estates	Non-Mature Towns/Estates
Bukit Batok	38	56	1.9	0.1	4.0	20.0	1.5
Bukit Panjang	15	28	2.2	0.3	NA	NA	1.9
Choa Chu Kang	13	14	1.0	0.0	NA	NA	1.1
Hougang	22	74	3.0	0.2	NA	NA	3.4
Jurong East / West	53	41	0.7	0.0	2.0	22.0	0.8
Punggol	309	138	0.2	0.0	0.6	6.9	0.4
Sembawang	8	57	6.5	0.3	NA	NA	7.1
Sengkang	89	94	0.9	0.0	1.5	29.0	1.1
Tengah	692	51	0.0	0.0	0.0	1.1	0.1
Woodlands	80	82	1.0	0.0	2.0	22.5	1.0
Yishun	317	88	0.3	0.0	0.3	3.0	0.3
Mature Towns/Estates	Mature Towns/Estates	Mature Towns/Estates	Mature Towns/Estates	Mature Towns/Estates	Mature Towns/Estates	Mature Towns/Estates	Mature Towns/Estates
Ang Mo Kio	37	13	0.6	0.0	3.0	NA	0.4
Bedok	31	26	1.8	0.0	NA	NA	0.8
Bishan	2	9	4.5	NA	NA	NA	4.5
Bukit Merah	29	11	0.8	0.1	NA	NA	0.4
Bukit Timah	1	1	1.0	NA	NA	NA	1.0
Clementi	5	7	3.0	0.3	NA	NA	1.4
Geylang	81	13	0.3	0.0	0.7	NA	0.2
Kallang / Whampoa	38	17	1.1	0.0	0.0	NA	0.4
Queenstown	32	9	0.7	0.0	NA	NA	0.3
Serangoon	2	4	2.0	NA	NA	NA	2.0
Tampines	38	51	3.0	0.0	2.0	NA	1.3
Toa Payoh	45	15	0.7	0.1	0.0	NA	0.3
TOTAL	1977	899	NA	NA	NA	NA	0.5
Project	Flat Type	No of Units	Number of Applicants	Application Rate Δ	Application Rate Δ	Application Rate Δ
Project	Flat Type	No of Units	Number of Applicants	Non-Elderly	Non-Elderly	Non-Elderly
Project	Flat Type	No of Units	Number of Applicants	First Timers	Second Timers	Overall
Non-Mature Towns/Estates	Non-Mature Towns/Estates	Non-Mature Towns/Estates	Non-Mature Towns/Estates	Non-Mature Towns/Estates	Non-Mature Towns/Estates	Non-Mature Towns/Estates
Bukit Batok	3-room (Income ceiling $7,000)	21	34	1.0	14.0	1.6
Bukit Batok	4-room	41	103	2.3	6.5	2.5
Bukit Batok	5-room / 3Gen	31	56	1.5	10.0	1.8
Bukit Panjang	3-room (Income ceiling $7,000)	6	14	0.8	NA	2.3
Bukit Panjang	4-room	15	52	3.0	NA	3.5
Bukit Panjang	5-room / 3Gen	5	26	3.4	NA	5.2
Choa Chu Kang	3-room (Income ceiling $7,000)	5	7	1.2	NA	1.4
Choa Chu Kang	4-room	12	45	2.9	NA	3.8
Choa Chu Kang	5-room / Executive	8	17	1.8	NA	2.1
Hougang	3-room (Income ceiling $7,000)	5	10	1.4	NA	2.0
Hougang	3-room (Income ceiling $14,000)	1	1	1.0	NA	1.0
Hougang	4-room	29	74	2.0	17.0	2.6
Hougang	5-room / 3Gen	6	34	4.7	NA	5.7
Jurong East / West	3-room (Income ceiling $7,000)	32	27	0.5	10.0	0.8
Jurong East / West	4-room	27	56	1.8	10.0	2.1
Jurong East / West	5-room / 3Gen / Executive	46	38	0.5	7.5	0.8
Punggol	3-room (Income ceiling $7,000)	29	31	0.6	14.0	1.1
Punggol	3-room (Income ceiling $14,000)	18	4	0.1	NA	0.2
Punggol	4-room	164	138	0.7	3.8	0.8
Punggol	5-room / 3Gen	85	102	0.6	14.3	1.2
Sembawang	3-room (Income ceiling $7,000)	15	31	1.4	NA	2.1
Sembawang	4-room	46	117	2.1	13.0	2.5
Sembawang	5-room	38	90	1.9	18.0	2.4
Sengkang	3-room (Income ceiling $7,000)	30	54	1.2	19.0	1.8
Sengkang	4-room	86	125	1.2	7.5	1.5
Sengkang	5-room / 3Gen / Executive	79	56	0.4	7.7	0.7
Tengah	3-room (Income ceiling $7,000)	66	7	0.1	0.7	0.1
Tengah	4-room	33	42	1.2	4.0	1.3
Tengah	5-room / 3Gen	47	31	0.6	3.0	0.7
Woodlands	3-room (Income ceiling $7,000)	26	49	1.3	17.0	1.9
Woodlands	4-room	57	149	2.2	13.0	2.6
Woodlands	5-room / 3Gen / Executive	33	93	2.4	17.0	2.8
Yishun	3-room (Income ceiling $7,000)	102	60	0.4	5.2	0.6
Yishun	4-room	492	120	0.2	1.3	0.2
Yishun	5-room / 3Gen	196	62	0.2	2.9	0.3
Mature Towns/Estates	Mature Towns/Estates	Mature Towns/Estates	Mature Towns/Estates	Mature Towns/Estates	Mature Towns/Estates	Mature Towns/Estates
Ang Mo Kio	3-room	26	13	0.3	5.0	0.5
Ang Mo Kio	4-room	20	47	1.7	14.0	2.3
Ang Mo Kio	5-room / 3Gen	7	35	3.6	NA	5.0
Bedok	3-room	27	19	0.5	7.0	0.7
Bedok	4-room	36	69	1.2	26.0	1.9
Bedok	5-room / Executive	8	24	1.6	NA	3.0
Bishan	4-room	3	2	0.7	NA	0.7
Bukit Merah	3-room	18	13	0.4	NA	0.7
Bukit Merah	4-room	21	38	1.3	13.0	1.8
Bukit Timah	3-room	1	0	0.0	NA	0.0
Central	3-room	2	1	0.5	NA	0.5
Central	5-room	1	7	3.0	NA	7.0
Clementi	3-room	30	17	0.3	9.0	0.6
Clementi	4-room	30	100	2.4	30.0	3.3
Clementi	5-room / 3Gen	63	79	0.5	16.3	1.3
Geylang	3-room	52	16	0.3	1.5	0.3
Geylang	4-room	220	124	0.4	2.7	0.6
Geylang	5-room	1	3	1.0	NA	3.0
Kallang / Whampoa	3-room	38	12	0.1	8.0	0.3
Kallang / Whampoa	4-room	66	80	0.9	7.0	1.2
Kallang / Whampoa	5-room	3	34	6.3	NA	11.3
Marine Parade	3-room	1	1	1.0	NA	1.0
Pasir Ris	4-room	5	25	3.8	NA	5.0
Pasir Ris	5-room / Executive	7	24	2.1	NA	3.4
Queenstown	3-room	39	27	0.3	14.0	0.7
Queenstown	4-room	22	56	2.1	11.0	2.5
Queenstown	5-room	6	8	0.8	NA	1.3
Serangoon	3-room	5	6	0.6	NA	1.2
Serangoon	Executive	1	3	3.0	NA	3.0
Tampines	3-room	43	45	0.5	11.5	1.0
Tampines	4-room	206	255	1.1	4.7	1.2
Tampines	5-room / 3Gen / Executive	118	98	0.5	7.4	0.8
Toa Payoh	3-room	63	29	0.3	4.0	0.5
Toa Payoh	4-room	109	113	0.9	4.8	1.0
Toa Payoh	5-room / 3Gen	13	38	1.2	NA	2.9
TOTAL	TOTAL	3243	3416	0.8	NA	1.1
2020/11/18 11:07:03
Project	No of Units	Number of Applicants	Application Rate^	Application Rate^	Application Rate^	Application Rate^	Application Rate^
Project	No of Units	Number of Applicants	Elderly	Non-Elderly	Non-Elderly	Non-Elderly	Overall
Project	No of Units	Number of Applicants	Elderly	First Timers	Second Timers	Singles	Overall
Non-Mature Towns/Estates	Non-Mature Towns/Estates	Non-Mature Towns/Estates	Non-Mature Towns/Estates	Non-Mature Towns/Estates	Non-Mature Towns/Estates	Non-Mature Towns/Estates	Non-Mature Towns/Estates
Bukit Batok	38	74	2.7	0.1	4.0	26.0	1.9
Bukit Panjang	15	31	2.5	0.3	NA	NA	2.1
Choa Chu Kang	13	18	1.3	0.0	NA	NA	1.4
Hougang	22	88	3.6	0.2	NA	NA	4.0
Jurong East / West	53	51	1.0	0.0	3.0	24.0	1.0
Punggol	309	172	0.4	0.0	0.8	8.7	0.6
Sembawang	8	71	7.8	0.3	NA	NA	8.9
Sengkang	89	116	1.3	0.1	1.5	32.0	1.3
Tengah	692	62	0.1	0.0	0.1	1.3	0.1
Woodlands	80	97	1.3	0.0	2.0	25.5	1.2
Yishun	317	112	0.4	0.0	0.4	4.1	0.4
Mature Towns/Estates	Mature Towns/Estates	Mature Towns/Estates	Mature Towns/Estates	Mature Towns/Estates	Mature Towns/Estates	Mature Towns/Estates	Mature Towns/Estates
Ang Mo Kio	37	16	0.8	0.0	3.0	NA	0.4
Bedok	31	33	2.4	0.0	NA	NA	1.1
Bishan	2	12	6.0	NA	NA	NA	6.0
Bukit Merah	29	15	1.1	0.1	NA	NA	0.5
Bukit Timah	1	1	1.0	NA	NA	NA	1.0
Clementi	5	12	5.0	0.3	NA	NA	2.4
Geylang	81	16	0.4	0.0	0.7	NA	0.2
Kallang / Whampoa	38	24	1.4	0.0	0.0	NA	0.6
Queenstown	32	9	0.7	0.0	NA	NA	0.3
Serangoon	2	7	3.5	NA	NA	NA	3.5
Tampines	38	66	3.9	0.0	3.0	NA	1.7
Toa Payoh	45	19	0.9	0.1	0.0	NA	0.4
TOTAL	1977	1122	NA	NA	NA	NA	0.6
Project	Flat Type	No of Units	Number of Applicants	Application Rate Δ	Application Rate Δ	Application Rate Δ
Project	Flat Type	No of Units	Number of Applicants	Non-Elderly	Non-Elderly	Non-Elderly
Project	Flat Type	No of Units	Number of Applicants	First Timers	Second Timers	Overall
Non-Mature Towns/Estates	Non-Mature Towns/Estates	Non-Mature Towns/Estates	Non-Mature Towns/Estates	Non-Mature Towns/Estates	Non-Mature Towns/Estates	Non-Mature Towns/Estates
Bukit Batok	3-room (Income ceiling $7,000)	21	41	1.4	14.0	2.0
Bukit Batok	4-room	41	113	2.5	8.5	2.8
Bukit Batok	5-room / 3Gen	31	64	1.7	13.0	2.1
Bukit Panjang	3-room (Income ceiling $7,000)	6	14	0.8	NA	2.3
Bukit Panjang	4-room	15	56	3.1	NA	3.7
Bukit Panjang	5-room / 3Gen	5	30	3.6	NA	6.0
Choa Chu Kang	3-room (Income ceiling $7,000)	5	8	1.4	NA	1.6
Choa Chu Kang	4-room	12	50	3.3	NA	4.2
Choa Chu Kang	5-room / Executive	8	22	2.1	NA	2.8
Hougang	3-room (Income ceiling $7,000)	5	12	1.6	NA	2.4
Hougang	3-room (Income ceiling $14,000)	1	1	1.0	NA	1.0
Hougang	4-room	29	84	2.4	18.0	2.9
Hougang	5-room / 3Gen	6	39	5.3	NA	6.5
Jurong East / West	3-room (Income ceiling $7,000)	32	31	0.7	10.0	1.0
Jurong East / West	4-room	27	70	2.2	13.0	2.6
Jurong East / West	5-room / 3Gen / Executive	46	45	0.6	9.0	1.0
Punggol	3-room (Income ceiling $7,000)	29	35	0.7	15.0	1.2
Punggol	3-room (Income ceiling $14,000)	18	4	0.1	NA	0.2
Punggol	4-room	164	156	0.8	4.9	1.0
Punggol	5-room / 3Gen	85	121	0.6	17.3	1.4
Sembawang	3-room (Income ceiling $7,000)	15	37	1.7	NA	2.5
Sembawang	4-room	46	135	2.4	15.5	2.9
Sembawang	5-room	38	104	2.1	25.0	2.7
Sengkang	3-room (Income ceiling $7,000)	30	61	1.3	23.0	2.0
Sengkang	4-room	86	136	1.3	8.3	1.6
Sengkang	5-room / 3Gen / Executive	79	72	0.5	10.3	0.9
Tengah	3-room (Income ceiling $7,000)	66	10	0.1	1.0	0.2
Tengah	4-room	33	45	1.2	6.0	1.4
Tengah	5-room / 3Gen	47	38	0.6	4.5	0.8
Woodlands	3-room (Income ceiling $7,000)	26	56	1.4	20.0	2.2
Woodlands	4-room	57	167	2.4	16.5	2.9
Woodlands	5-room / 3Gen / Executive	33	108	2.7	22.0	3.3
Yishun	3-room (Income ceiling $7,000)	102	65	0.4	6.2	0.6
Yishun	4-room	492	139	0.2	1.5	0.3
Yishun	5-room / 3Gen	196	65	0.2	3.0	0.3
Mature Towns/Estates	Mature Towns/Estates	Mature Towns/Estates	Mature Towns/Estates	Mature Towns/Estates	Mature Towns/Estates	Mature Towns/Estates
Ang Mo Kio	3-room	26	14	0.3	6.0	0.5
Ang Mo Kio	4-room	20	58	2.1	18.0	2.9
Ang Mo Kio	5-room / 3Gen	7	39	3.6	NA	5.6
Bedok	3-room	27	23	0.5	9.0	0.9
Bedok	4-room	36	82	1.5	31.0	2.3
Bedok	5-room / Executive	8	32	2.0	NA	4.0
Bishan	4-room	3	3	0.7	NA	1.0
Bukit Merah	3-room	18	16	0.6	NA	0.9
Bukit Merah	4-room	21	44	1.5	15.0	2.1
Bukit Timah	3-room	1	0	0.0	NA	0.0
Central	3-room	2	1	0.5	NA	0.5
Central	5-room	1	9	5.0	NA	9.0
Clementi	3-room	30	18	0.3	9.0	0.6
Clementi	4-room	30	109	2.5	36.0	3.6
Clementi	5-room / 3Gen	63	94	0.6	19.7	1.5
Geylang	3-room	52	19	0.3	2.0	0.4
Geylang	4-room	220	141	0.5	3.0	0.6
Geylang	5-room	1	3	1.0	NA	3.0
Kallang / Whampoa	3-room	38	13	0.1	9.0	0.3
Kallang / Whampoa	4-room	66	101	1.1	9.7	1.5
Kallang / Whampoa	5-room	3	39	7.0	NA	13.0
Marine Parade	3-room	1	2	1.0	NA	2.0
Pasir Ris	4-room	5	30	4.4	NA	6.0
Pasir Ris	5-room / Executive	7	29	2.7	NA	4.1
Queenstown	3-room	39	29	0.4	15.0	0.7
Queenstown	4-room	22	60	2.2	13.0	2.7
Queenstown	5-room	6	12	1.0	NA	2.0
Serangoon	3-room	5	6	0.6	NA	1.2
Serangoon	Executive	1	5	4.0	NA	5.0
Tampines	3-room	43	57	0.7	15.0	1.3
Tampines	4-room	206	298	1.2	6.1	1.4
Tampines	5-room / 3Gen / Executive	118	115	0.6	9.4	1.0
Toa Payoh	3-room	63	37	0.3	6.0	0.6
Toa Payoh	4-room	109	133	1.0	6.4	1.2
Toa Payoh	5-room / 3Gen	13	45	1.6	NA	3.5
TOTAL	TOTAL	3243	3950	0.9	NA	1.2
2020/11/18 14:07:03
Project	No of Units	Number of Applicants	Application Rate^	Application Rate^	Application Rate^	Application Rate^	Application Rate^
Project	No of Units	Number of Applicants	Elderly	Non-Elderly	Non-Elderly	Non-Elderly	Overall
Project	No of Units	Number of Applicants	Elderly	First Timers	Second Timers	Singles	Overall
Non-Mature Towns/Estates	Non-Mature Towns/Estates	Non-Mature Towns/Estates	Non-Mature Towns/Estates	Non-Mature Towns/Estates	Non-Mature Towns/Estates	Non-Mature Towns/Estates	Non-Mature Towns/Estates
Bukit Batok	38	94	3.4	0.1	5.0	34.0	2.5
Bukit Panjang	15	38	3.0	0.3	NA	NA	2.5
Choa Chu Kang	13	26	2.2	0.0	NA	NA	2.0
Hougang	22	112	4.9	0.2	NA	NA	5.1
Jurong East / West	53	62	1.3	0.0	4.0	29.0	1.2
Punggol	309	201	0.4	0.0	1.1	10.9	0.7
Sembawang	8	84	9.3	0.8	NA	NA	10.5
Sengkang	89	163	1.8	0.1	2.0	44.0	1.8
Tengah	692	74	0.1	0.0	0.1	1.5	0.1
Woodlands	80	121	1.8	0.1	2.5	28.5	1.5
Yishun	317	144	0.5	0.0	0.6	5.3	0.5
Mature Towns/Estates	Mature Towns/Estates	Mature Towns/Estates	Mature Towns/Estates	Mature Towns/Estates	Mature Towns/Estates	Mature Towns/Estates	Mature Towns/Estates
Ang Mo Kio	37	22	1.0	0.1	5.0	NA	0.6
Bedok	31	40	2.9	0.0	NA	NA	1.3
Bishan	2	13	6.5	NA	NA	NA	6.5
Bukit Merah	29	21	1.6	0.1	NA	NA	0.7
Bukit Timah	1	1	1.0	NA	NA	NA	1.0
Clementi	5	16	7.0	0.3	NA	NA	3.2
Geylang	81	21	0.5	0.0	0.7	NA	0.3
Kallang / Whampoa	38	31	1.9	0.0	0.0	NA	0.8
Queenstown	32	15	1.2	0.0	NA	NA	0.5
Serangoon	2	12	6.0	NA	NA	NA	6.0
Tampines	38	87	5.0	0.0	6.0	NA	2.3
Toa Payoh	45	28	1.3	0.1	1.0	NA	0.6
TOTAL	1977	1426	NA	NA	NA	NA	0.7
Project	Flat Type	No of Units	Number of Applicants	Application Rate Δ	Application Rate Δ	Application Rate Δ
Project	Flat Type	No of Units	Number of Applicants	Non-Elderly	Non-Elderly	Non-Elderly
Project	Flat Type	No of Units	Number of Applicants	First Timers	Second Timers	Overall
Non-Mature Towns/Estates	Non-Mature Towns/Estates	Non-Mature Towns/Estates	Non-Mature Towns/Estates	Non-Mature Towns/Estates	Non-Mature Towns/Estates	Non-Mature Towns/Estates
Bukit Batok	3-room (Income ceiling $7,000)	21	46	1.5	17.0	2.2
Bukit Batok	4-room	41	132	2.7	13.0	3.2
Bukit Batok	5-room / 3Gen	31	76	2.0	17.0	2.5
Bukit Panjang	3-room (Income ceiling $7,000)	6	17	1.0	NA	2.8
Bukit Panjang	4-room	15	65	3.4	NA	4.3
Bukit Panjang	5-room / 3Gen	5	32	3.8	NA	6.4
Choa Chu Kang	3-room (Income ceiling $7,000)	5	12	2.0	NA	2.4
Choa Chu Kang	4-room	12	57	3.8	NA	4.8
Choa Chu Kang	5-room / Executive	8	23	2.3	NA	2.9
Hougang	3-room (Income ceiling $7,000)	5	12	1.6	NA	2.4
Hougang	3-room (Income ceiling $14,000)	1	1	1.0	NA	1.0
Hougang	4-room	29	98	2.7	23.0	3.4
Hougang	5-room / 3Gen	6	47	6.2	NA	7.8
Jurong East / West	3-room (Income ceiling $7,000)	32	34	0.7	12.0	1.1
Jurong East / West	4-room	27	83	2.7	13.0	3.1
Jurong East / West	5-room / 3Gen / Executive	46	53	0.7	10.5	1.2
Punggol	3-room (Income ceiling $7,000)	29	40	0.8	19.0	1.4
Punggol	3-room (Income ceiling $14,000)	18	5	0.2	NA	0.3
Punggol	4-room	164	186	0.9	6.5	1.1
Punggol	5-room / 3Gen	85	135	0.7	19.5	1.6
Sembawang	3-room (Income ceiling $7,000)	15	50	2.1	NA	3.3
Sembawang	4-room	46	155	2.6	19.5	3.4
Sembawang	5-room	38	116	2.3	31.0	3.1
Sengkang	3-room (Income ceiling $7,000)	30	67	1.4	25.0	2.2
Sengkang	4-room	86	151	1.4	10.0	1.8
Sengkang	5-room / 3Gen / Executive	79	87	0.6	12.7	1.1
Tengah	3-room (Income ceiling $7,000)	66	12	0.1	1.3	0.2
Tengah	4-room	33	55	1.4	9.0	1.7
Tengah	5-room / 3Gen	47	44	0.7	5.5	0.9
Woodlands	3-room (Income ceiling $7,000)	26	64	1.6	24.0	2.5
Woodlands	4-room	57	187	2.7	19.5	3.3
Woodlands	5-room / 3Gen / Executive	33	126	3.1	28.0	3.8
Yishun	3-room (Income ceiling $7,000)	102	77	0.4	7.2	0.8
Yishun	4-room	492	157	0.2	1.8	0.3
Yishun	5-room / 3Gen	196	74	0.2	3.4	0.4
Mature Towns/Estates	Mature Towns/Estates	Mature Towns/Estates	Mature Towns/Estates	Mature Towns/Estates	Mature Towns/Estates	Mature Towns/Estates
Ang Mo Kio	3-room	26	20	0.4	11.0	0.8
Ang Mo Kio	4-room	20	63	2.3	20.0	3.2
Ang Mo Kio	5-room / 3Gen	7	50	4.4	NA	7.1
Bedok	3-room	27	28	0.6	12.0	1.0
Bedok	4-room	36	99	1.8	37.0	2.8
Bedok	5-room / Executive	8	40	2.1	NA	5.0
Bishan	4-room	3	4	0.7	NA	1.3
Bukit Merah	3-room	18	17	0.6	NA	0.9
Bukit Merah	4-room	21	55	1.7	21.0	2.6
Bukit Timah	3-room	1	0	0.0	NA	0.0
Central	3-room	2	1	0.5	NA	0.5
Central	5-room	1	10	6.0	NA	10.0
Clementi	3-room	30	24	0.4	12.0	0.8
Clementi	4-room	30	127	2.8	45.0	4.2
Clementi	5-room / 3Gen	63	112	0.7	22.7	1.8
Geylang	3-room	52	23	0.4	2.5	0.4
Geylang	4-room	220	168	0.6	3.8	0.8
Geylang	5-room	1	3	1.0	NA	3.0
Kallang / Whampoa	3-room	38	17	0.2	11.0	0.4
Kallang / Whampoa	4-room	66	122	1.4	11.0	1.8
Kallang / Whampoa	5-room	3	46	7.7	NA	15.3
Marine Parade	3-room	1	3	1.0	NA	3.0
Pasir Ris	4-room	5	38	5.8	NA	7.6
Pasir Ris	5-room / Executive	7	38	3.0	NA	5.4
Queenstown	3-room	39	34	0.4	19.0	0.9
Queenstown	4-room	22	77	2.5	24.0	3.5
Queenstown	5-room	6	14	1.0	NA	2.3
Serangoon	3-room	5	6	0.6	NA	1.2
Serangoon	Executive	1	5	4.0	NA	5.0
Tampines	3-room	43	69	0.7	20.0	1.6
Tampines	4-room	206	334	1.3	7.1	1.6
Tampines	5-room / 3Gen / Executive	118	136	0.7	12.0	1.2
Toa Payoh	3-room	63	45	0.4	7.0	0.7
Toa Payoh	4-room	109	154	1.1	7.2	1.4
Toa Payoh	5-room / 3Gen	13	56	2.0	NA	4.3
TOTAL	TOTAL	3243	4614	1.0	NA	1.4
2020/11/18 17:07:02
Project	No of Units	Number of Applicants	Application Rate^	Application Rate^	Application Rate^	Application Rate^	Application Rate^
Project	No of Units	Number of Applicants	Elderly	Non-Elderly	Non-Elderly	Non-Elderly	Overall
Project	No of Units	Number of Applicants	Elderly	First Timers	Second Timers	Singles	Overall
Non-Mature Towns/Estates	Non-Mature Towns/Estates	Non-Mature Towns/Estates	Non-Mature Towns/Estates	Non-Mature Towns/Estates	Non-Mature Towns/Estates	Non-Mature Towns/Estates	Non-Mature Towns/Estates
Bukit Batok	38	110	3.9	0.1	7.0	39.0	2.9
Bukit Panjang	15	42	3.5	0.3	NA	NA	2.8
Choa Chu Kang	13	36	3.0	0.0	NA	NA	2.8
Hougang	22	124	5.7	0.2	NA	NA	5.6
Jurong East / West	53	70	1.4	0.1	4.0	33.0	1.3
Punggol	309	234	0.6	0.0	1.3	12.2	0.8
Sembawang	8	99	12.0	0.8	NA	NA	12.4
Sengkang	89	185	2.2	0.1	2.0	48.0	2.1
Tengah	692	83	0.1	0.0	0.1	1.6	0.1
Woodlands	80	140	2.1	0.1	3.5	31.5	1.8
Yishun	317	168	0.6	0.0	0.8	6.5	0.5
Mature Towns/Estates	Mature Towns/Estates	Mature Towns/Estates	Mature Towns/Estates	Mature Towns/Estates	Mature Towns/Estates	Mature Towns/Estates	Mature Towns/Estates
Ang Mo Kio	37	26	1.3	0.1	5.0	NA	0.7
Bedok	31	48	3.5	0.0	NA	NA	1.5
Bishan	2	15	7.5	NA	NA	NA	7.5
Bukit Merah	29	25	1.8	0.2	NA	NA	0.9
Bukit Timah	1	2	2.0	NA	NA	NA	2.0
Clementi	5	19	8.5	0.3	NA	NA	3.8
Geylang	81	22	0.6	0.0	0.7	NA	0.3
Kallang / Whampoa	38	34	2.1	0.0	0.0	NA	0.9
Queenstown	32	21	1.6	0.0	NA	NA	0.7
Serangoon	2	15	7.5	NA	NA	NA	7.5
Tampines	38	103	6.0	0.0	6.0	NA	2.7
Toa Payoh	45	31	1.5	0.1	1.0	NA	0.7
TOTAL	1977	1652	NA	NA	NA	NA	0.8
Project	Flat Type	No of Units	Number of Applicants	Application Rate Δ	Application Rate Δ	Application Rate Δ
Project	Flat Type	No of Units	Number of Applicants	Non-Elderly	Non-Elderly	Non-Elderly
Project	Flat Type	No of Units	Number of Applicants	First Timers	Second Timers	Overall
Non-Mature Towns/Estates	Non-Mature Towns/Estates	Non-Mature Towns/Estates	Non-Mature Towns/Estates	Non-Mature Towns/Estates	Non-Mature Towns/Estates	Non-Mature Towns/Estates
Bukit Batok	3-room (Income ceiling $7,000)	21	54	1.6	21.0	2.6
Bukit Batok	4-room	41	145	3.0	14.5	3.5
Bukit Batok	5-room / 3Gen	31	83	2.1	19.0	2.7
Bukit Panjang	3-room (Income ceiling $7,000)	6	20	1.3	NA	3.3
Bukit Panjang	4-room	15	75	3.9	NA	5.0
Bukit Panjang	5-room / 3Gen	5	36	4.0	NA	7.2
Choa Chu Kang	3-room (Income ceiling $7,000)	5	17	2.8	NA	3.4
Choa Chu Kang	4-room	12	65	4.2	NA	5.4
Choa Chu Kang	5-room / Executive	8	25	2.5	NA	3.1
Hougang	3-room (Income ceiling $7,000)	5	15	1.8	NA	3.0
Hougang	3-room (Income ceiling $14,000)	1	1	1.0	NA	1.0
Hougang	4-room	29	105	2.8	27.0	3.6
Hougang	5-room / 3Gen	6	55	7.2	NA	9.2
Jurong East / West	3-room (Income ceiling $7,000)	32	39	0.8	14.0	1.2
Jurong East / West	4-room	27	92	3.0	15.0	3.4
Jurong East / West	5-room / 3Gen / Executive	46	59	0.8	12.0	1.3
Punggol	3-room (Income ceiling $7,000)	29	42	0.8	20.0	1.4
Punggol	3-room (Income ceiling $14,000)	18	7	0.2	NA	0.4
Punggol	4-room	164	207	0.9	7.6	1.3
Punggol	5-room / 3Gen	85	149	0.8	21.5	1.8
Sembawang	3-room (Income ceiling $7,000)	15	58	2.4	NA	3.9
Sembawang	4-room	46	174	3.0	21.5	3.8
Sembawang	5-room	38	131	2.6	34.0	3.4
Sengkang	3-room (Income ceiling $7,000)	30	77	1.7	29.0	2.6
Sengkang	4-room	86	169	1.5	11.3	2.0
Sengkang	5-room / 3Gen / Executive	79	97	0.7	14.0	1.2
Tengah	3-room (Income ceiling $7,000)	66	17	0.2	2.0	0.3
Tengah	4-room	33	59	1.5	10.0	1.8
Tengah	5-room / 3Gen	47	49	0.8	7.0	1.0
Woodlands	3-room (Income ceiling $7,000)	26	77	1.9	29.0	3.0
Woodlands	4-room	57	205	2.9	21.5	3.6
Woodlands	5-room / 3Gen / Executive	33	143	3.4	33.0	4.3
Yishun	3-room (Income ceiling $7,000)	102	91	0.5	8.4	0.9
Yishun	4-room	492	176	0.3	2.0	0.4
Yishun	5-room / 3Gen	196	86	0.3	4.0	0.4
Mature Towns/Estates	Mature Towns/Estates	Mature Towns/Estates	Mature Towns/Estates	Mature Towns/Estates	Mature Towns/Estates	Mature Towns/Estates
Ang Mo Kio	3-room	26	23	0.4	13.0	0.9
Ang Mo Kio	4-room	20	74	2.6	24.0	3.7
Ang Mo Kio	5-room / 3Gen	7	55	4.6	NA	7.9
Bedok	3-room	27	32	0.7	15.0	1.2
Bedok	4-room	36	115	2.1	42.0	3.2
Bedok	5-room / Executive	8	50	2.9	NA	6.3
Bishan	4-room	3	4	0.7	NA	1.3
Bukit Merah	3-room	18	20	0.7	NA	1.1
Bukit Merah	4-room	21	64	1.9	27.0	3.0
Bukit Timah	3-room	1	0	0.0	NA	0.0
Central	3-room	2	1	0.5	NA	0.5
Central	5-room	1	11	6.0	NA	11.0
Clementi	3-room	30	24	0.4	12.0	0.8
Clementi	4-room	30	138	3.1	49.0	4.6
Clementi	5-room / 3Gen	63	124	0.8	26.3	2.0
Geylang	3-room	52	26	0.4	3.0	0.5
Geylang	4-room	220	194	0.7	4.6	0.9
Geylang	5-room	1	3	1.0	NA	3.0
Kallang / Whampoa	3-room	38	20	0.2	12.0	0.5
Kallang / Whampoa	4-room	66	139	1.6	13.0	2.1
Kallang / Whampoa	5-room	3	51	8.7	NA	17.0
Marine Parade	3-room	1	4	2.0	NA	4.0
Pasir Ris	4-room	5	42	6.2	NA	8.4
Pasir Ris	5-room / Executive	7	45	3.4	NA	6.4
Queenstown	3-room	39	37	0.4	21.0	0.9
Queenstown	4-room	22	83	2.7	26.0	3.8
Queenstown	5-room	6	16	1.3	NA	2.7
Serangoon	3-room	5	8	0.8	NA	1.6
Serangoon	Executive	1	6	5.0	NA	6.0
Tampines	3-room	43	75	0.8	21.5	1.7
Tampines	4-room	206	360	1.4	7.8	1.7
Tampines	5-room / 3Gen / Executive	118	155	0.8	13.8	1.3
Toa Payoh	3-room	63	52	0.5	8.0	0.8
Toa Payoh	4-room	109	168	1.2	7.8	1.5
Toa Payoh	5-room / 3Gen	13	58	2.0	NA	4.5
TOTAL	TOTAL	3243	5177	1.1	NA	1.6
2020/11/19 08:07:02
Project	No of Units	Number of Applicants	Application Rate^	Application Rate^	Application Rate^	Application Rate^	Application Rate^
Project	No of Units	Number of Applicants	Elderly	Non-Elderly	Non-Elderly	Non-Elderly	Overall
Project	No of Units	Number of Applicants	Elderly	First Timers	Second Timers	Singles	Overall
Non-Mature Towns/Estates	Non-Mature Towns/Estates	Non-Mature Towns/Estates	Non-Mature Towns/Estates	Non-Mature Towns/Estates	Non-Mature Towns/Estates	Non-Mature Towns/Estates	Non-Mature Towns/Estates
Bukit Batok	38	144	5.3	0.1	8.0	51.0	3.8
Bukit Panjang	15	49	4.3	0.3	NA	NA	3.3
Choa Chu Kang	13	48	3.8	0.0	NA	NA	3.7
Hougang	22	154	7.0	0.2	NA	NA	7.0
Jurong East / West	53	91	1.8	0.1	4.0	43.0	1.7
Punggol	309	309	0.8	0.0	1.8	18.2	1.0
Sembawang	8	124	15.0	1.0	NA	NA	15.5
Sengkang	89	237	2.6	0.2	3.0	64.0	2.7
Tengah	692	101	0.1	0.0	0.1	1.9	0.1
Woodlands	80	192	2.9	0.1	5.0	42.5	2.4
Yishun	317	196	0.7	0.0	1.1	8.3	0.6
Mature Towns/Estates	Mature Towns/Estates	Mature Towns/Estates	Mature Towns/Estates	Mature Towns/Estates	Mature Towns/Estates	Mature Towns/Estates	Mature Towns/Estates
Ang Mo Kio	37	36	1.9	0.0	6.0	NA	1.0
Bedok	31	68	4.8	0.0	NA	NA	2.2
Bishan	2	19	9.5	NA	NA	NA	9.5
Bukit Merah	29	37	2.8	0.2	NA	NA	1.3
Bukit Timah	1	2	2.0	NA	NA	NA	2.0
Clementi	5	25	11.0	0.3	NA	NA	5.0
Geylang	81	42	1.2	0.0	1.5	NA	0.5
Kallang / Whampoa	38	43	2.6	0.0	0.0	NA	1.1
Queenstown	32	26	1.9	0.0	NA	NA	0.8
Serangoon	2	16	8.0	NA	NA	NA	8.0
Tampines	38	133	7.8	0.0	6.0	NA	3.5
Toa Payoh	45	35	1.7	0.1	1.0	NA	0.8
TOTAL	1977	2127	NA	NA	NA	NA	1.1
Project	Flat Type	No of Units	Number of Applicants	Application Rate Δ	Application Rate Δ	Application Rate Δ
Project	Flat Type	No of Units	Number of Applicants	Non-Elderly	Non-Elderly	Non-Elderly
Project	Flat Type	No of Units	Number of Applicants	First Timers	Second Timers	Overall
Non-Mature Towns/Estates	Non-Mature Towns/Estates	Non-Mature Towns/Estates	Non-Mature Towns/Estates	Non-Mature Towns/Estates	Non-Mature Towns/Estates	Non-Mature Towns/Estates
Bukit Batok	3-room (Income ceiling $7,000)	21	70	2.3	25.0	3.3
Bukit Batok	4-room	41	187	3.8	19.5	4.6
Bukit Batok	5-room / 3Gen	31	110	2.8	26.0	3.5
Bukit Panjang	3-room (Income ceiling $7,000)	6	25	1.5	NA	4.2
Bukit Panjang	4-room	15	104	5.3	NA	6.9
Bukit Panjang	5-room / 3Gen	5	43	5.0	NA	8.6
Choa Chu Kang	3-room (Income ceiling $7,000)	5	18	2.4	NA	3.6
Choa Chu Kang	4-room	12	99	6.4	NA	8.3
Choa Chu Kang	5-room / Executive	8	32	3.1	NA	4.0
Hougang	3-room (Income ceiling $7,000)	5	27	3.0	NA	5.4
Hougang	3-room (Income ceiling $14,000)	1	2	1.0	NA	2.0
Hougang	4-room	29	142	3.8	35.0	4.9
Hougang	5-room / 3Gen	6	69	8.7	NA	11.5
Jurong East / West	3-room (Income ceiling $7,000)	32	53	1.0	21.0	1.7
Jurong East / West	4-room	27	126	3.8	27.0	4.7
Jurong East / West	5-room / 3Gen / Executive	46	83	0.9	21.0	1.8
Punggol	3-room (Income ceiling $7,000)	29	56	1.0	27.0	1.9
Punggol	3-room (Income ceiling $14,000)	18	15	0.4	NA	0.8
Punggol	4-room	164	292	1.3	11.8	1.8
Punggol	5-room / 3Gen	85	208	1.0	32.3	2.4
Sembawang	3-room (Income ceiling $7,000)	15	81	3.2	NA	5.4
Sembawang	4-room	46	231	4.0	28.5	5.0
Sembawang	5-room	38	184	3.6	50.0	4.8
Sengkang	3-room (Income ceiling $7,000)	30	104	2.0	45.0	3.5
Sengkang	4-room	86	229	2.0	15.5	2.7
Sengkang	5-room / 3Gen / Executive	79	144	1.1	21.3	1.8
Tengah	3-room (Income ceiling $7,000)	66	19	0.2	2.0	0.3
Tengah	4-room	33	78	1.9	16.0	2.4
Tengah	5-room / 3Gen	47	61	1.0	8.0	1.3
Woodlands	3-room (Income ceiling $7,000)	26	97	2.4	38.0	3.7
Woodlands	4-room	57	270	3.8	30.5	4.7
Woodlands	5-room / 3Gen / Executive	33	193	4.5	50.0	5.8
Yishun	3-room (Income ceiling $7,000)	102	107	0.6	10.0	1.0
Yishun	4-room	492	236	0.4	2.5	0.5
Yishun	5-room / 3Gen	196	114	0.4	5.3	0.6
Mature Towns/Estates	Mature Towns/Estates	Mature Towns/Estates	Mature Towns/Estates	Mature Towns/Estates	Mature Towns/Estates	Mature Towns/Estates
Ang Mo Kio	3-room	26	27	0.4	16.0	1.0
Ang Mo Kio	4-room	20	97	3.3	34.0	4.8
Ang Mo Kio	5-room / 3Gen	7	72	5.9	NA	10.3
Bedok	3-room	27	44	0.9	21.0	1.6
Bedok	4-room	36	158	2.9	56.0	4.4
Bedok	5-room / Executive	8	71	4.0	NA	8.9
Bishan	4-room	3	5	1.0	NA	1.7
Bukit Merah	3-room	18	29	0.8	NA	1.6
Bukit Merah	4-room	21	90	2.6	38.0	4.3
Bukit Timah	3-room	1	0	0.0	NA	0.0
Central	3-room	2	2	0.5	NA	1.0
Central	5-room	1	14	8.0	NA	14.0
Clementi	3-room	30	35	0.6	17.0	1.2
Clementi	4-room	30	191	4.3	65.0	6.4
Clementi	5-room / 3Gen	63	162	1.1	31.7	2.6
Geylang	3-room	52	39	0.6	5.5	0.8
Geylang	4-room	220	286	1.1	5.9	1.3
Geylang	5-room	1	6	2.0	NA	6.0
Kallang / Whampoa	3-room	38	33	0.4	17.0	0.9
Kallang / Whampoa	4-room	66	202	2.4	17.0	3.1
Kallang / Whampoa	5-room	3	62	10.3	NA	20.7
Marine Parade	3-room	1	6	3.0	NA	6.0
Pasir Ris	4-room	5	45	7.0	NA	9.0
Pasir Ris	5-room / Executive	7	52	4.0	NA	7.4
Queenstown	3-room	39	62	0.8	30.0	1.6
Queenstown	4-room	22	119	3.9	37.0	5.4
Queenstown	5-room	6	22	1.8	NA	3.7
Serangoon	3-room	5	8	0.8	NA	1.6
Serangoon	Executive	1	7	6.0	NA	7.0
Tampines	3-room	43	100	1.1	27.5	2.3
Tampines	4-room	206	490	1.9	10.8	2.4
Tampines	5-room / 3Gen / Executive	118	213	1.1	17.4	1.8
Toa Payoh	3-room	63	73	0.6	12.0	1.2
Toa Payoh	4-room	109	262	2.0	10.8	2.4
Toa Payoh	5-room / 3Gen	13	84	3.1	NA	6.5
TOTAL	TOTAL	3243	7077	1.5	NA	2.2
2020/11/19 11:07:01
Project	No of Units	Number of Applicants	Application Rate^	Application Rate^	Application Rate^	Application Rate^	Application Rate^
Project	No of Units	Number of Applicants	Elderly	Non-Elderly	Non-Elderly	Non-Elderly	Overall
Project	No of Units	Number of Applicants	Elderly	First Timers	Second Timers	Singles	Overall
Non-Mature Towns/Estates	Non-Mature Towns/Estates	Non-Mature Towns/Estates	Non-Mature Towns/Estates	Non-Mature Towns/Estates	Non-Mature Towns/Estates	Non-Mature Towns/Estates	Non-Mature Towns/Estates
Bukit Batok	38	150	5.6	0.1	8.0	51.0	3.9
Bukit Panjang	15	50	4.3	0.3	NA	NA	3.3
Choa Chu Kang	13	49	3.8	0.0	NA	NA	3.8
Hougang	22	164	7.8	0.2	NA	NA	7.5
Jurong East / West	53	96	2.0	0.1	4.0	45.0	1.8
Punggol	309	321	0.9	0.0	1.8	18.7	1.0
Sembawang	8	129	16.0	1.0	NA	NA	16.1
Sengkang	89	243	2.8	0.2	3.0	65.0	2.7
Tengah	692	102	0.1	0.0	0.1	2.0	0.1
Woodlands	80	196	2.9	0.1	5.0	43.5	2.5
Yishun	317	206	0.7	0.0	1.1	8.7	0.6
Mature Towns/Estates	Mature Towns/Estates	Mature Towns/Estates	Mature Towns/Estates	Mature Towns/Estates	Mature Towns/Estates	Mature Towns/Estates	Mature Towns/Estates
Ang Mo Kio	37	38	2.1	0.0	6.0	NA	1.0
Bedok	31	71	5.1	0.0	NA	NA	2.3
Bishan	2	20	10.0	NA	NA	NA	10.0
Bukit Merah	29	37	2.8	0.2	NA	NA	1.3
Bukit Timah	1	2	2.0	NA	NA	NA	2.0
Clementi	5	25	11.0	0.3	NA	NA	5.0
Geylang	81	44	1.2	0.0	1.5	NA	0.5
Kallang / Whampoa	38	46	2.8	0.0	0.0	NA	1.2
Queenstown	32	27	2.0	0.0	NA	NA	0.8
Serangoon	2	16	8.0	NA	NA	NA	8.0
Tampines	38	137	8.1	0.0	6.0	NA	3.6
Toa Payoh	45	40	2.0	0.1	1.0	NA	0.9
TOTAL	1977	2209	NA	NA	NA	NA	1.1
Project	Flat Type	No of Units	Number of Applicants	Application Rate Δ	Application Rate Δ	Application Rate Δ
Project	Flat Type	No of Units	Number of Applicants	Non-Elderly	Non-Elderly	Non-Elderly
Project	Flat Type	No of Units	Number of Applicants	First Timers	Second Timers	Overall
Non-Mature Towns/Estates	Non-Mature Towns/Estates	Non-Mature Towns/Estates	Non-Mature Towns/Estates	Non-Mature Towns/Estates	Non-Mature Towns/Estates	Non-Mature Towns/Estates
Bukit Batok	3-room (Income ceiling $7,000)	21	71	2.3	26.0	3.4
Bukit Batok	4-room	41	191	3.9	19.5	4.7
Bukit Batok	5-room / 3Gen	31	112	2.8	27.0	3.6
Bukit Panjang	3-room (Income ceiling $7,000)	6	25	1.5	NA	4.2
Bukit Panjang	4-room	15	104	5.3	NA	6.9
Bukit Panjang	5-room / 3Gen	5	45	5.2	NA	9.0
Choa Chu Kang	3-room (Income ceiling $7,000)	5	18	2.4	NA	3.6
Choa Chu Kang	4-room	12	99	6.4	NA	8.3
Choa Chu Kang	5-room / Executive	8	32	3.1	NA	4.0
Hougang	3-room (Income ceiling $7,000)	5	28	3.0	NA	5.6
Hougang	3-room (Income ceiling $14,000)	1	2	1.0	NA	2.0
Hougang	4-room	29	144	3.9	35.0	5.0
Hougang	5-room / 3Gen	6	69	8.7	NA	11.5
Jurong East / West	3-room (Income ceiling $7,000)	32	53	1.0	21.0	1.7
Jurong East / West	4-room	27	129	3.9	28.0	4.8
Jurong East / West	5-room / 3Gen / Executive	46	84	0.9	21.5	1.8
Punggol	3-room (Income ceiling $7,000)	29	58	1.0	29.0	2.0
Punggol	3-room (Income ceiling $14,000)	18	15	0.4	NA	0.8
Punggol	4-room	164	298	1.3	11.9	1.8
Punggol	5-room / 3Gen	85	213	1.0	33.5	2.5
Sembawang	3-room (Income ceiling $7,000)	15	83	3.3	NA	5.5
Sembawang	4-room	46	238	4.0	30.5	5.2
Sembawang	5-room	38	186	3.6	51.0	4.9
Sengkang	3-room (Income ceiling $7,000)	30	105	2.0	46.0	3.5
Sengkang	4-room	86	232	2.1	15.8	2.7
Sengkang	5-room / 3Gen / Executive	79	146	1.1	21.7	1.8
Tengah	3-room (Income ceiling $7,000)	66	22	0.2	2.3	0.3
Tengah	4-room	33	79	1.9	17.0	2.4
Tengah	5-room / 3Gen	47	61	1.0	8.0	1.3
Woodlands	3-room (Income ceiling $7,000)	26	99	2.4	39.0	3.8
Woodlands	4-room	57	277	3.8	33.0	4.9
Woodlands	5-room / 3Gen / Executive	33	196	4.5	52.0	5.9
Yishun	3-room (Income ceiling $7,000)	102	111	0.6	10.6	1.1
Yishun	4-room	492	239	0.4	2.5	0.5
Yishun	5-room / 3Gen	196	117	0.4	5.4	0.6
Mature Towns/Estates	Mature Towns/Estates	Mature Towns/Estates	Mature Towns/Estates	Mature Towns/Estates	Mature Towns/Estates	Mature Towns/Estates
Ang Mo Kio	3-room	26	27	0.4	16.0	1.0
Ang Mo Kio	4-room	20	102	3.4	38.0	5.1
Ang Mo Kio	5-room / 3Gen	7	73	5.9	NA	10.4
Bedok	3-room	27	44	0.9	21.0	1.6
Bedok	4-room	36	160	2.9	58.0	4.4
Bedok	5-room / Executive	8	74	4.1	NA	9.3
Bishan	4-room	3	5	1.0	NA	1.7
Bukit Merah	3-room	18	29	0.8	NA	1.6
Bukit Merah	4-room	21	92	2.7	39.0	4.4
Bukit Timah	3-room	1	0	0.0	NA	0.0
Central	3-room	2	3	1.0	NA	1.5
Central	5-room	1	14	8.0	NA	14.0
Clementi	3-room	30	36	0.6	18.0	1.2
Clementi	4-room	30	197	4.4	69.0	6.6
Clementi	5-room / 3Gen	63	170	1.2	33.3	2.7
Geylang	3-room	52	41	0.6	6.5	0.8
Geylang	4-room	220	290	1.1	5.9	1.3
Geylang	5-room	1	6	2.0	NA	6.0
Kallang / Whampoa	3-room	38	35	0.5	18.0	0.9
Kallang / Whampoa	4-room	66	207	2.5	17.0	3.1
Kallang / Whampoa	5-room	3	63	10.3	NA	21.0
Marine Parade	3-room	1	6	3.0	NA	6.0
Pasir Ris	4-room	5	47	7.2	NA	9.4
Pasir Ris	5-room / Executive	7	53	4.1	NA	7.6
Queenstown	3-room	39	62	0.8	30.0	1.6
Queenstown	4-room	22	123	4.0	39.0	5.6
Queenstown	5-room	6	22	1.8	NA	3.7
Serangoon	3-room	5	8	0.8	NA	1.6
Serangoon	Executive	1	8	7.0	NA	8.0
Tampines	3-room	43	102	1.1	28.5	2.4
Tampines	4-room	206	499	2.0	11.2	2.4
Tampines	5-room / 3Gen / Executive	118	215	1.1	17.6	1.8
Toa Payoh	3-room	63	73	0.6	12.0	1.2
Toa Payoh	4-room	109	268	2.0	11.6	2.5
Toa Payoh	5-room / 3Gen	13	84	3.1	NA	6.5
TOTAL	TOTAL	3243	7219	1.5	NA	2.2
2020/11/19 14:07:02
Project	No of Units	Number of Applicants	Application Rate^	Application Rate^	Application Rate^	Application Rate^	Application Rate^
Project	No of Units	Number of Applicants	Elderly	Non-Elderly	Non-Elderly	Non-Elderly	Overall
Project	No of Units	Number of Applicants	Elderly	First Timers	Second Timers	Singles	Overall
Non-Mature Towns/Estates	Non-Mature Towns/Estates	Non-Mature Towns/Estates	Non-Mature Towns/Estates	Non-Mature Towns/Estates	Non-Mature Towns/Estates	Non-Mature Towns/Estates	Non-Mature Towns/Estates
Bukit Batok	38	161	6.1	0.1	8.0	55.0	4.2
Bukit Panjang	15	53	4.8	0.3	NA	NA	3.5
Choa Chu Kang	13	53	4.3	0.1	NA	NA	4.1
Hougang	22	172	8.1	0.2	NA	NA	7.8
Jurong East / West	53	100	2.1	0.1	4.0	45.0	1.9
Punggol	309	334	0.9	0.0	2.0	21.8	1.1
Sembawang	8	136	16.8	1.3	NA	NA	17.0
Sengkang	89	256	2.9	0.2	3.0	68.5	2.9
Tengah	692	114	0.2	0.0	0.1	2.1	0.2
Woodlands	80	205	3.1	0.1	5.5	44.5	2.6
Yishun	317	224	0.8	0.0	1.3	10.1	0.7
Mature Towns/Estates	Mature Towns/Estates	Mature Towns/Estates	Mature Towns/Estates	Mature Towns/Estates	Mature Towns/Estates	Mature Towns/Estates	Mature Towns/Estates
Ang Mo Kio	37	39	2.1	0.0	6.0	NA	1.1
Bedok	31	79	5.6	0.0	NA	NA	2.5
Bishan	2	20	10.0	NA	NA	NA	10.0
Bukit Merah	29	39	2.9	0.2	NA	NA	1.3
Bukit Timah	1	2	2.0	NA	NA	NA	2.0
Clementi	5	27	12.0	0.3	NA	NA	5.4
Geylang	81	48	1.3	0.0	1.5	NA	0.6
Kallang / Whampoa	38	49	3.0	0.0	0.0	NA	1.3
Queenstown	32	29	2.2	0.0	NA	NA	0.9
Serangoon	2	17	8.5	NA	NA	NA	8.5
Tampines	38	147	8.7	0.0	6.0	NA	3.9
Toa Payoh	45	40	2.0	0.1	1.0	NA	0.9
TOTAL	1977	2344	NA	NA	NA	NA	1.2
Project	Flat Type	No of Units	Number of Applicants	Application Rate Δ	Application Rate Δ	Application Rate Δ
Project	Flat Type	No of Units	Number of Applicants	Non-Elderly	Non-Elderly	Non-Elderly
Project	Flat Type	No of Units	Number of Applicants	First Timers	Second Timers	Overall
Non-Mature Towns/Estates	Non-Mature Towns/Estates	Non-Mature Towns/Estates	Non-Mature Towns/Estates	Non-Mature Towns/Estates	Non-Mature Towns/Estates	Non-Mature Towns/Estates
Bukit Batok	3-room (Income ceiling $7,000)	21	76	2.5	27.0	3.6
Bukit Batok	4-room	41	200	4.1	20.5	4.9
Bukit Batok	5-room / 3Gen	31	117	3.0	27.0	3.8
Bukit Panjang	3-room (Income ceiling $7,000)	6	26	1.7	NA	4.3
Bukit Panjang	4-room	15	108	5.5	NA	7.2
Bukit Panjang	5-room / 3Gen	5	45	5.2	NA	9.0
Choa Chu Kang	3-room (Income ceiling $7,000)	5	19	2.4	NA	3.8
Choa Chu Kang	4-room	12	100	6.5	NA	8.3
Choa Chu Kang	5-room / Executive	8	32	3.1	NA	4.0
Hougang	3-room (Income ceiling $7,000)	5	28	3.0	NA	5.6
Hougang	3-room (Income ceiling $14,000)	1	2	1.0	NA	2.0
Hougang	4-room	29	151	4.0	38.0	5.2
Hougang	5-room / 3Gen	6	72	9.0	NA	12.0
Jurong East / West	3-room (Income ceiling $7,000)	32	56	1.1	23.0	1.8
Jurong East / West	4-room	27	133	4.0	29.0	4.9
Jurong East / West	5-room / 3Gen / Executive	46	87	1.0	22.0	1.9
Punggol	3-room (Income ceiling $7,000)	29	63	1.0	34.0	2.2
Punggol	3-room (Income ceiling $14,000)	18	17	0.4	NA	0.9
Punggol	4-room	164	307	1.3	12.1	1.9
Punggol	5-room / 3Gen	85	223	1.0	35.0	2.6
Sembawang	3-room (Income ceiling $7,000)	15	84	3.3	NA	5.6
Sembawang	4-room	46	244	4.1	31.5	5.3
Sembawang	5-room	38	191	3.8	52.0	5.0
Sengkang	3-room (Income ceiling $7,000)	30	112	2.2	49.0	3.7
Sengkang	4-room	86	241	2.1	17.0	2.8
Sengkang	5-room / 3Gen / Executive	79	149	1.1	22.0	1.9
Tengah	3-room (Income ceiling $7,000)	66	25	0.2	3.3	0.4
Tengah	4-room	33	81	2.0	18.0	2.5
Tengah	5-room / 3Gen	47	61	1.0	8.0	1.3
Woodlands	3-room (Income ceiling $7,000)	26	104	2.5	42.0	4.0
Woodlands	4-room	57	286	3.9	35.0	5.0
Woodlands	5-room / 3Gen / Executive	33	206	4.7	57.0	6.2
Yishun	3-room (Income ceiling $7,000)	102	114	0.6	10.8	1.1
Yishun	4-room	492	249	0.4	2.7	0.5
Yishun	5-room / 3Gen	196	121	0.4	5.7	0.6
Mature Towns/Estates	Mature Towns/Estates	Mature Towns/Estates	Mature Towns/Estates	Mature Towns/Estates	Mature Towns/Estates	Mature Towns/Estates
Ang Mo Kio	3-room	26	27	0.4	16.0	1.0
Ang Mo Kio	4-room	20	108	3.5	41.0	5.4
Ang Mo Kio	5-room / 3Gen	7	76	6.0	NA	10.9
Bedok	3-room	27	49	0.9	25.0	1.8
Bedok	4-room	36	169	3.1	62.0	4.7
Bedok	5-room / Executive	8	79	4.5	NA	9.9
Bishan	4-room	3	5	1.0	NA	1.7
Bukit Merah	3-room	18	31	0.9	NA	1.7
Bukit Merah	4-room	21	97	2.8	40.0	4.6
Bukit Timah	3-room	1	0	0.0	NA	0.0
Central	3-room	2	3	1.0	NA	1.5
Central	5-room	1	14	8.0	NA	14.0
Clementi	3-room	30	37	0.7	18.0	1.2
Clementi	4-room	30	202	4.5	72.0	6.7
Clementi	5-room / 3Gen	63	177	1.2	35.3	2.8
Geylang	3-room	52	43	0.6	7.5	0.8
Geylang	4-room	220	297	1.1	6.3	1.4
Geylang	5-room	1	6	2.0	NA	6.0
Kallang / Whampoa	3-room	38	35	0.5	18.0	0.9
Kallang / Whampoa	4-room	66	212	2.5	18.3	3.2
Kallang / Whampoa	5-room	3	68	11.3	NA	22.7
Marine Parade	3-room	1	7	3.0	NA	7.0
Pasir Ris	4-room	5	49	7.6	NA	9.8
Pasir Ris	5-room / Executive	7	55	4.3	NA	7.9
Queenstown	3-room	39	63	0.8	31.0	1.6
Queenstown	4-room	22	125	4.0	40.0	5.7
Queenstown	5-room	6	22	1.8	NA	3.7
Serangoon	3-room	5	8	0.8	NA	1.6
Serangoon	Executive	1	8	7.0	NA	8.0
Tampines	3-room	43	111	1.2	31.5	2.6
Tampines	4-room	206	514	2.0	11.6	2.5
Tampines	5-room / 3Gen / Executive	118	225	1.2	18.6	1.9
Toa Payoh	3-room	63	76	0.6	12.7	1.2
Toa Payoh	4-room	109	281	2.1	12.4	2.6
Toa Payoh	5-room / 3Gen	13	89	3.2	NA	6.8
TOTAL	TOTAL	3243	7498	1.6	NA	2.3
2020/11/19 17:07:02
Project	No of Units	Number of Applicants	Application Rate^	Application Rate^	Application Rate^	Application Rate^	Application Rate^
Project	No of Units	Number of Applicants	Elderly	Non-Elderly	Non-Elderly	Non-Elderly	Overall
Project	No of Units	Number of Applicants	Elderly	First Timers	Second Timers	Singles	Overall
Non-Mature Towns/Estates	Non-Mature Towns/Estates	Non-Mature Towns/Estates	Non-Mature Towns/Estates	Non-Mature Towns/Estates	Non-Mature Towns/Estates	Non-Mature Towns/Estates	Non-Mature Towns/Estates
Bukit Batok	38	175	6.5	0.1	9.0	60.0	4.6
Bukit Panjang	15	54	5.0	0.3	NA	NA	3.6
Choa Chu Kang	13	56	4.8	0.1	NA	NA	4.3
Hougang	22	180	8.7	0.2	NA	NA	8.2
Jurong East / West	53	104	2.3	0.1	4.0	46.0	2.0
Punggol	309	351	1.0	0.1	2.1	22.7	1.1
Sembawang	8	143	18.0	1.8	NA	NA	17.9
Sengkang	89	268	3.2	0.2	3.0	70.0	3.0
Tengah	692	121	0.2	0.0	0.1	2.2	0.2
Woodlands	80	216	3.3	0.1	6.5	46.5	2.7
Yishun	317	235	0.9	0.0	1.3	10.5	0.7
Mature Towns/Estates	Mature Towns/Estates	Mature Towns/Estates	Mature Towns/Estates	Mature Towns/Estates	Mature Towns/Estates	Mature Towns/Estates	Mature Towns/Estates
Ang Mo Kio	37	43	2.4	0.0	6.0	NA	1.2
Bedok	31	88	6.2	0.0	NA	NA	2.8
Bishan	2	22	11.0	NA	NA	NA	11.0
Bukit Merah	29	42	3.1	0.2	NA	NA	1.4
Bukit Timah	1	2	2.0	NA	NA	NA	2.0
Clementi	5	29	13.0	0.3	NA	NA	5.8
Geylang	81	53	1.5	0.0	1.5	NA	0.7
Kallang / Whampoa	38	54	3.3	0.0	0.0	NA	1.4
Queenstown	32	31	2.3	0.0	NA	NA	1.0
Serangoon	2	19	9.5	NA	NA	NA	9.5
Tampines	38	163	9.6	0.1	7.0	NA	4.3
Toa Payoh	45	48	2.3	0.1	2.0	NA	1.1
TOTAL	1977	2497	NA	NA	NA	NA	1.3
Project	Flat Type	No of Units	Number of Applicants	Application Rate Δ	Application Rate Δ	Application Rate Δ
Project	Flat Type	No of Units	Number of Applicants	Non-Elderly	Non-Elderly	Non-Elderly
Project	Flat Type	No of Units	Number of Applicants	First Timers	Second Timers	Overall
Non-Mature Towns/Estates	Non-Mature Towns/Estates	Non-Mature Towns/Estates	Non-Mature Towns/Estates	Non-Mature Towns/Estates	Non-Mature Towns/Estates	Non-Mature Towns/Estates
Bukit Batok	3-room (Income ceiling $7,000)	21	83	2.5	33.0	4.0
Bukit Batok	4-room	41	204	4.1	22.0	5.0
Bukit Batok	5-room / 3Gen	31	122	3.1	28.0	3.9
Bukit Panjang	3-room (Income ceiling $7,000)	6	26	1.7	NA	4.3
Bukit Panjang	4-room	15	111	5.6	NA	7.4
Bukit Panjang	5-room / 3Gen	5	46	5.4	NA	9.2
Choa Chu Kang	3-room (Income ceiling $7,000)	5	20	2.6	NA	4.0
Choa Chu Kang	4-room	12	101	6.5	NA	8.4
Choa Chu Kang	5-room / Executive	8	33	3.1	NA	4.1
Hougang	3-room (Income ceiling $7,000)	5	29	3.2	NA	5.8
Hougang	3-room (Income ceiling $14,000)	1	2	1.0	NA	2.0
Hougang	4-room	29	156	4.1	42.0	5.4
Hougang	5-room / 3Gen	6	74	9.2	NA	12.3
Jurong East / West	3-room (Income ceiling $7,000)	32	60	1.2	24.0	1.9
Jurong East / West	4-room	27	138	4.1	32.0	5.1
Jurong East / West	5-room / 3Gen / Executive	46	90	1.0	23.0	2.0
Punggol	3-room (Income ceiling $7,000)	29	66	1.1	36.0	2.3
Punggol	3-room (Income ceiling $14,000)	18	18	0.4	NA	1.0
Punggol	4-room	164	320	1.4	12.6	2.0
Punggol	5-room / 3Gen	85	232	1.1	35.8	2.7
Sembawang	3-room (Income ceiling $7,000)	15	88	3.3	NA	5.9
Sembawang	4-room	46	249	4.2	32.0	5.4
Sembawang	5-room	38	195	3.8	54.0	5.1
Sengkang	3-room (Income ceiling $7,000)	30	115	2.2	52.0	3.8
Sengkang	4-room	86	250	2.2	17.8	2.9
Sengkang	5-room / 3Gen / Executive	79	153	1.1	23.0	1.9
Tengah	3-room (Income ceiling $7,000)	66	28	0.2	4.3	0.4
Tengah	4-room	33	86	2.1	19.0	2.6
Tengah	5-room / 3Gen	47	64	1.0	8.5	1.4
Woodlands	3-room (Income ceiling $7,000)	26	106	2.5	43.0	4.1
Woodlands	4-room	57	296	4.0	37.0	5.2
Woodlands	5-room / 3Gen / Executive	33	209	4.7	58.0	6.3
Yishun	3-room (Income ceiling $7,000)	102	118	0.6	11.2	1.2
Yishun	4-room	492	256	0.4	2.8	0.5
Yishun	5-room / 3Gen	196	123	0.4	5.7	0.6
Mature Towns/Estates	Mature Towns/Estates	Mature Towns/Estates	Mature Towns/Estates	Mature Towns/Estates	Mature Towns/Estates	Mature Towns/Estates
Ang Mo Kio	3-room	26	27	0.4	16.0	1.0
Ang Mo Kio	4-room	20	109	3.6	41.0	5.4
Ang Mo Kio	5-room / 3Gen	7	79	6.1	NA	11.3
Bedok	3-room	27	51	1.0	25.0	1.9
Bedok	4-room	36	177	3.2	65.0	4.9
Bedok	5-room / Executive	8	81	4.5	NA	10.1
Bishan	4-room	3	5	1.0	NA	1.7
Bukit Merah	3-room	18	31	0.9	NA	1.7
Bukit Merah	4-room	21	105	3.0	44.0	5.0
Bukit Timah	3-room	1	0	0.0	NA	0.0
Central	3-room	2	3	1.0	NA	1.5
Central	5-room	1	14	8.0	NA	14.0
Clementi	3-room	30	38	0.7	19.0	1.3
Clementi	4-room	30	212	4.7	77.0	7.1
Clementi	5-room / 3Gen	63	185	1.3	36.3	2.9
Geylang	3-room	52	46	0.6	9.0	0.9
Geylang	4-room	220	306	1.1	6.6	1.4
Geylang	5-room	1	6	2.0	NA	6.0
Kallang / Whampoa	3-room	38	40	0.5	22.0	1.1
Kallang / Whampoa	4-room	66	221	2.6	19.3	3.3
Kallang / Whampoa	5-room	3	69	11.7	NA	23.0
Marine Parade	3-room	1	7	3.0	NA	7.0
Pasir Ris	4-room	5	49	7.6	NA	9.8
Pasir Ris	5-room / Executive	7	57	4.6	NA	8.1
Queenstown	3-room	39	68	0.9	35.0	1.7
Queenstown	4-room	22	128	4.1	41.0	5.8
Queenstown	5-room	6	22	1.8	NA	3.7
Serangoon	3-room	5	9	0.8	NA	1.8
Serangoon	Executive	1	8	7.0	NA	8.0
Tampines	3-room	43	115	1.2	33.0	2.7
Tampines	4-room	206	524	2.1	11.9	2.5
Tampines	5-room / 3Gen / Executive	118	234	1.2	19.4	2.0
Toa Payoh	3-room	63	82	0.7	14.0	1.3
Toa Payoh	4-room	109	290	2.2	13.2	2.7
Toa Payoh	5-room / 3Gen	13	92	3.4	NA	7.1
TOTAL	TOTAL	3243	7757	1.6	NA	2.4
2020/11/20 08:07:02
Project	No of Units	Number of Applicants	Application Rate^	Application Rate^	Application Rate^	Application Rate^	Application Rate^
Project	No of Units	Number of Applicants	Elderly	Non-Elderly	Non-Elderly	Non-Elderly	Overall
Project	No of Units	Number of Applicants	Elderly	First Timers	Second Timers	Singles	Overall
Non-Mature Towns/Estates	Non-Mature Towns/Estates	Non-Mature Towns/Estates	Non-Mature Towns/Estates	Non-Mature Towns/Estates	Non-Mature Towns/Estates	Non-Mature Towns/Estates	Non-Mature Towns/Estates
Bukit Batok	38	186	6.9	0.2	9.0	63.0	4.9
Bukit Panjang	15	57	5.2	0.3	NA	NA	3.8
Choa Chu Kang	13	62	5.3	0.1	NA	NA	4.8
Hougang	22	206	9.9	0.2	NA	NA	9.4
Jurong East / West	53	114	2.5	0.1	4.0	51.0	2.2
Punggol	309	388	1.0	0.1	2.3	25.2	1.3
Sembawang	8	165	21.5	1.8	NA	NA	20.6
Sengkang	89	298	3.5	0.2	4.5	77.5	3.3
Tengah	692	137	0.2	0.0	0.1	2.5	0.2
Woodlands	80	239	3.5	0.1	8.5	52.0	3.0
Yishun	317	269	1.0	0.0	1.6	13.1	0.8
Mature Towns/Estates	Mature Towns/Estates	Mature Towns/Estates	Mature Towns/Estates	Mature Towns/Estates	Mature Towns/Estates	Mature Towns/Estates	Mature Towns/Estates
Ang Mo Kio	37	46	2.6	0.0	6.0	NA	1.2
Bedok	31	107	7.8	0.0	NA	NA	3.5
Bishan	2	23	11.5	NA	NA	NA	11.5
Bukit Merah	29	44	3.3	0.2	NA	NA	1.5
Bukit Timah	1	3	3.0	NA	NA	NA	3.0
Clementi	5	29	13.0	0.3	NA	NA	5.8
Geylang	81	59	1.7	0.0	1.5	NA	0.7
Kallang / Whampoa	38	64	3.9	0.0	0.0	NA	1.7
Queenstown	32	38	2.8	0.0	NA	NA	1.2
Serangoon	2	20	10.0	NA	NA	NA	10.0
Tampines	38	182	10.8	0.1	7.0	NA	4.8
Toa Payoh	45	49	2.4	0.1	2.0	NA	1.1
TOTAL	1977	2785	NA	NA	NA	NA	1.4
Project	Flat Type	No of Units	Number of Applicants	Application Rate Δ	Application Rate Δ	Application Rate Δ
Project	Flat Type	No of Units	Number of Applicants	Non-Elderly	Non-Elderly	Non-Elderly
Project	Flat Type	No of Units	Number of Applicants	First Timers	Second Timers	Overall
Non-Mature Towns/Estates	Non-Mature Towns/Estates	Non-Mature Towns/Estates	Non-Mature Towns/Estates	Non-Mature Towns/Estates	Non-Mature Towns/Estates	Non-Mature Towns/Estates
Bukit Batok	3-room (Income ceiling $7,000)	21	93	2.7	39.0	4.4
Bukit Batok	4-room	41	225	4.5	24.5	5.5
Bukit Batok	5-room / 3Gen	31	141	3.6	34.0	4.5
Bukit Panjang	3-room (Income ceiling $7,000)	6	29	2.0	NA	4.8
Bukit Panjang	4-room	15	124	6.3	NA	8.3
Bukit Panjang	5-room / 3Gen	5	50	6.0	NA	10.0
Choa Chu Kang	3-room (Income ceiling $7,000)	5	22	3.2	NA	4.4
Choa Chu Kang	4-room	12	119	7.9	NA	9.9
Choa Chu Kang	5-room / Executive	8	42	4.0	NA	5.3
Hougang	3-room (Income ceiling $7,000)	5	38	4.2	NA	7.6
Hougang	3-room (Income ceiling $14,000)	1	2	1.0	NA	2.0
Hougang	4-room	29	183	4.9	46.0	6.3
Hougang	5-room / 3Gen	6	80	9.7	NA	13.3
Jurong East / West	3-room (Income ceiling $7,000)	32	66	1.2	28.0	2.1
Jurong East / West	4-room	27	159	4.7	36.0	5.9
Jurong East / West	5-room / 3Gen / Executive	46	104	1.3	24.5	2.3
Punggol	3-room (Income ceiling $7,000)	29	70	1.1	38.0	2.4
Punggol	3-room (Income ceiling $14,000)	18	21	0.4	NA	1.2
Punggol	4-room	164	379	1.7	15.0	2.3
Punggol	5-room / 3Gen	85	278	1.4	41.3	3.3
Sembawang	3-room (Income ceiling $7,000)	15	99	3.6	NA	6.6
Sembawang	4-room	46	289	4.9	37.5	6.3
Sembawang	5-room	38	231	4.6	62.0	6.1
Sengkang	3-room (Income ceiling $7,000)	30	127	2.4	58.0	4.2
Sengkang	4-room	86	280	2.4	20.3	3.3
Sengkang	5-room / 3Gen / Executive	79	179	1.3	26.7	2.3
Tengah	3-room (Income ceiling $7,000)	66	34	0.3	5.0	0.5
Tengah	4-room	33	101	2.6	19.0	3.1
Tengah	5-room / 3Gen	47	73	1.2	9.0	1.6
Woodlands	3-room (Income ceiling $7,000)	26	114	2.7	46.0	4.4
Woodlands	4-room	57	328	4.5	40.0	5.8
Woodlands	5-room / 3Gen / Executive	33	226	5.2	61.0	6.8
Yishun	3-room (Income ceiling $7,000)	102	132	0.7	13.2	1.3
Yishun	4-room	492	298	0.5	3.3	0.6
Yishun	5-room / 3Gen	196	140	0.5	6.0	0.7
Mature Towns/Estates	Mature Towns/Estates	Mature Towns/Estates	Mature Towns/Estates	Mature Towns/Estates	Mature Towns/Estates	Mature Towns/Estates
Ang Mo Kio	3-room	26	28	0.4	17.0	1.1
Ang Mo Kio	4-room	20	118	3.9	43.0	5.9
Ang Mo Kio	5-room / 3Gen	7	95	7.4	NA	13.6
Bedok	3-room	27	55	1.0	28.0	2.0
Bedok	4-room	36	201	3.6	75.0	5.6
Bedok	5-room / Executive	8	92	5.3	NA	11.5
Bishan	4-room	3	6	1.3	NA	2.0
Bukit Merah	3-room	18	34	1.1	NA	1.9
Bukit Merah	4-room	21	119	3.5	48.0	5.7
Bukit Timah	3-room	1	0	0.0	NA	0.0
Central	3-room	2	6	1.5	NA	3.0
Central	5-room	1	16	10.0	NA	16.0
Clementi	3-room	30	40	0.7	20.0	1.3
Clementi	4-room	30	236	5.0	92.0	7.9
Clementi	5-room / 3Gen	63	223	1.6	42.7	3.5
Geylang	3-room	52	56	0.7	11.5	1.1
Geylang	4-room	220	369	1.4	7.4	1.7
Geylang	5-room	1	6	2.0	NA	6.0
Kallang / Whampoa	3-room	38	44	0.6	23.0	1.2
Kallang / Whampoa	4-room	66	263	3.0	24.3	4.0
Kallang / Whampoa	5-room	3	80	13.7	NA	26.7
Marine Parade	3-room	1	7	3.0	NA	7.0
Pasir Ris	4-room	5	54	8.0	NA	10.8
Pasir Ris	5-room / Executive	7	63	5.1	NA	9.0
Queenstown	3-room	39	77	1.1	34.0	2.0
Queenstown	4-room	22	149	4.8	48.0	6.8
Queenstown	5-room	6	30	2.3	NA	5.0
Serangoon	3-room	5	10	1.0	NA	2.0
Serangoon	Executive	1	8	7.0	NA	8.0
Tampines	3-room	43	127	1.3	37.0	3.0
Tampines	4-room	206	596	2.4	13.5	2.9
Tampines	5-room / 3Gen / Executive	118	298	1.6	23.8	2.5
Toa Payoh	3-room	63	94	0.8	14.7	1.5
Toa Payoh	4-room	109	372	2.8	17.2	3.4
Toa Payoh	5-room / 3Gen	13	103	4.0	NA	7.9
TOTAL	TOTAL	3243	8951	1.9	NA	2.8
2020/11/20 11:07:02
Project	No of Units	Number of Applicants	Application Rate^	Application Rate^	Application Rate^	Application Rate^	Application Rate^
Project	No of Units	Number of Applicants	Elderly	Non-Elderly	Non-Elderly	Non-Elderly	Overall
Project	No of Units	Number of Applicants	Elderly	First Timers	Second Timers	Singles	Overall
Non-Mature Towns/Estates	Non-Mature Towns/Estates	Non-Mature Towns/Estates	Non-Mature Towns/Estates	Non-Mature Towns/Estates	Non-Mature Towns/Estates	Non-Mature Towns/Estates	Non-Mature Towns/Estates
Bukit Batok	38	188	6.9	0.2	9.0	65.0	4.9
Bukit Panjang	15	59	5.2	0.3	NA	NA	3.9
Choa Chu Kang	13	63	5.5	0.1	NA	NA	4.8
Hougang	22	212	10.1	0.2	NA	NA	9.6
Jurong East / West	53	115	2.5	0.1	4.0	52.0	2.2
Punggol	309	392	1.0	0.1	2.3	25.7	1.3
Sembawang	8	171	22.8	1.8	NA	NA	21.4
Sengkang	89	307	3.6	0.2	4.5	80.0	3.4
Tengah	692	144	0.2	0.0	0.1	2.6	0.2
Woodlands	80	243	3.6	0.1	8.5	52.5	3.0
Yishun	317	274	1.1	0.0	1.6	13.1	0.9
Mature Towns/Estates	Mature Towns/Estates	Mature Towns/Estates	Mature Towns/Estates	Mature Towns/Estates	Mature Towns/Estates	Mature Towns/Estates	Mature Towns/Estates
Ang Mo Kio	37	47	2.7	0.0	6.0	NA	1.3
Bedok	31	108	7.8	0.0	NA	NA	3.5
Bishan	2	23	11.5	NA	NA	NA	11.5
Bukit Merah	29	45	3.3	0.2	NA	NA	1.6
Bukit Timah	1	3	3.0	NA	NA	NA	3.0
Clementi	5	29	13.0	0.3	NA	NA	5.8
Geylang	81	61	1.7	0.0	1.5	NA	0.8
Kallang / Whampoa	38	65	4.0	0.0	0.0	NA	1.7
Queenstown	32	38	2.8	0.0	NA	NA	1.2
Serangoon	2	20	10.0	NA	NA	NA	10.0
Tampines	38	185	10.9	0.1	7.0	NA	4.9
Toa Payoh	45	52	2.5	0.1	3.0	NA	1.2
TOTAL	1977	2844	NA	NA	NA	NA	1.4
Project	Flat Type	No of Units	Number of Applicants	Application Rate Δ	Application Rate Δ	Application Rate Δ
Project	Flat Type	No of Units	Number of Applicants	Non-Elderly	Non-Elderly	Non-Elderly
Project	Flat Type	No of Units	Number of Applicants	First Timers	Second Timers	Overall
Non-Mature Towns/Estates	Non-Mature Towns/Estates	Non-Mature Towns/Estates	Non-Mature Towns/Estates	Non-Mature Towns/Estates	Non-Mature Towns/Estates	Non-Mature Towns/Estates
Bukit Batok	3-room (Income ceiling $7,000)	21	95	2.8	40.0	4.5
Bukit Batok	4-room	41	228	4.6	25.0	5.6
Bukit Batok	5-room / 3Gen	31	144	3.6	36.0	4.6
Bukit Panjang	3-room (Income ceiling $7,000)	6	29	2.0	NA	4.8
Bukit Panjang	4-room	15	128	6.5	NA	8.5
Bukit Panjang	5-room / 3Gen	5	51	6.2	NA	10.2
Choa Chu Kang	3-room (Income ceiling $7,000)	5	22	3.2	NA	4.4
Choa Chu Kang	4-room	12	119	7.9	NA	9.9
Choa Chu Kang	5-room / Executive	8	43	4.0	NA	5.4
Hougang	3-room (Income ceiling $7,000)	5	38	4.2	NA	7.6
Hougang	3-room (Income ceiling $14,000)	1	2	1.0	NA	2.0
Hougang	4-room	29	185	4.9	47.0	6.4
Hougang	5-room / 3Gen	6	81	9.8	NA	13.5
Jurong East / West	3-room (Income ceiling $7,000)	32	66	1.2	28.0	2.1
Jurong East / West	4-room	27	160	4.8	36.0	5.9
Jurong East / West	5-room / 3Gen / Executive	46	104	1.3	24.5	2.3
Punggol	3-room (Income ceiling $7,000)	29	71	1.1	39.0	2.4
Punggol	3-room (Income ceiling $14,000)	18	22	0.4	NA	1.2
Punggol	4-room	164	386	1.7	15.5	2.4
Punggol	5-room / 3Gen	85	281	1.4	41.8	3.3
Sembawang	3-room (Income ceiling $7,000)	15	100	3.6	NA	6.7
Sembawang	4-room	46	293	4.9	38.5	6.4
Sembawang	5-room	38	233	4.6	64.0	6.1
Sengkang	3-room (Income ceiling $7,000)	30	129	2.4	60.0	4.3
Sengkang	4-room	86	281	2.4	20.5	3.3
Sengkang	5-room / 3Gen / Executive	79	187	1.4	27.3	2.4
Tengah	3-room (Income ceiling $7,000)	66	34	0.3	5.0	0.5
Tengah	4-room	33	101	2.6	19.0	3.1
Tengah	5-room / 3Gen	47	73	1.2	9.0	1.6
Woodlands	3-room (Income ceiling $7,000)	26	114	2.7	46.0	4.4
Woodlands	4-room	57	331	4.5	41.5	5.8
Woodlands	5-room / 3Gen / Executive	33	228	5.2	62.0	6.9
Yishun	3-room (Income ceiling $7,000)	102	136	0.7	13.4	1.3
Yishun	4-room	492	301	0.5	3.4	0.6
Yishun	5-room / 3Gen	196	143	0.5	6.1	0.7
Mature Towns/Estates	Mature Towns/Estates	Mature Towns/Estates	Mature Towns/Estates	Mature Towns/Estates	Mature Towns/Estates	Mature Towns/Estates
Ang Mo Kio	3-room	26	28	0.4	17.0	1.1
Ang Mo Kio	4-room	20	119	3.9	44.0	5.9
Ang Mo Kio	5-room / 3Gen	7	95	7.4	NA	13.6
Bedok	3-room	27	56	1.1	28.0	2.1
Bedok	4-room	36	201	3.6	75.0	5.6
Bedok	5-room / Executive	8	93	5.3	NA	11.6
Bishan	4-room	3	6	1.3	NA	2.0
Bukit Merah	3-room	18	34	1.1	NA	1.9
Bukit Merah	4-room	21	120	3.6	48.0	5.7
Bukit Timah	3-room	1	0	0.0	NA	0.0
Central	3-room	2	6	1.5	NA	3.0
Central	5-room	1	16	10.0	NA	16.0
Clementi	3-room	30	41	0.7	21.0	1.4
Clementi	4-room	30	237	5.0	92.0	7.9
Clementi	5-room / 3Gen	63	228	1.6	43.7	3.6
Geylang	3-room	52	57	0.7	12.0	1.1
Geylang	4-room	220	373	1.4	7.6	1.7
Geylang	5-room	1	6	2.0	NA	6.0
Kallang / Whampoa	3-room	38	44	0.6	23.0	1.2
Kallang / Whampoa	4-room	66	268	3.0	25.3	4.1
Kallang / Whampoa	5-room	3	82	14.0	NA	27.3
Marine Parade	3-room	1	7	3.0	NA	7.0
Pasir Ris	4-room	5	55	8.2	NA	11.0
Pasir Ris	5-room / Executive	7	63	5.1	NA	9.0
Queenstown	3-room	39	79	1.2	35.0	2.0
Queenstown	4-room	22	151	4.9	49.0	6.9
Queenstown	5-room	6	30	2.3	NA	5.0
Serangoon	3-room	5	10	1.0	NA	2.0
Serangoon	Executive	1	9	7.0	NA	9.0
Tampines	3-room	43	128	1.3	37.5	3.0
Tampines	4-room	206	605	2.4	13.8	2.9
Tampines	5-room / 3Gen / Executive	118	300	1.6	24.0	2.5
Toa Payoh	3-room	63	95	0.9	14.7	1.5
Toa Payoh	4-room	109	376	2.8	17.2	3.4
Toa Payoh	5-room / 3Gen	13	104	4.0	NA	8.0
TOTAL	TOTAL	3243	9061	1.9	NA	2.8
2020/11/20 14:07:02
Project	No of Units	Number of Applicants	Application Rate^	Application Rate^	Application Rate^	Application Rate^	Application Rate^
Project	No of Units	Number of Applicants	Elderly	Non-Elderly	Non-Elderly	Non-Elderly	Overall
Project	No of Units	Number of Applicants	Elderly	First Timers	Second Timers	Singles	Overall
Non-Mature Towns/Estates	Non-Mature Towns/Estates	Non-Mature Towns/Estates	Non-Mature Towns/Estates	Non-Mature Towns/Estates	Non-Mature Towns/Estates	Non-Mature Towns/Estates	Non-Mature Towns/Estates
Bukit Batok	38	194	7.3	0.2	9.0	66.0	5.1
Bukit Panjang	15	59	5.2	0.3	NA	NA	3.9
Choa Chu Kang	13	67	5.8	0.1	NA	NA	5.2
Hougang	22	219	10.3	0.2	NA	NA	10.0
Jurong East / West	53	115	2.5	0.1	4.0	52.0	2.2
Punggol	309	408	1.1	0.1	2.3	26.6	1.3
Sembawang	8	172	22.8	1.8	NA	NA	21.5
Sengkang	89	311	3.6	0.2	4.5	81.0	3.5
Tengah	692	150	0.2	0.0	0.1	2.7	0.2
Woodlands	80	253	3.8	0.1	9.0	53.5	3.2
Yishun	317	285	1.1	0.0	1.6	13.4	0.9
Mature Towns/Estates	Mature Towns/Estates	Mature Towns/Estates	Mature Towns/Estates	Mature Towns/Estates	Mature Towns/Estates	Mature Towns/Estates	Mature Towns/Estates
Ang Mo Kio	37	51	2.9	0.0	6.0	NA	1.4
Bedok	31	116	8.5	0.0	NA	NA	3.7
Bishan	2	25	12.5	NA	NA	NA	12.5
Bukit Merah	29	48	3.6	0.2	NA	NA	1.7
Bukit Timah	1	3	3.0	NA	NA	NA	3.0
Clementi	5	32	14.5	0.3	NA	NA	6.4
Geylang	81	67	1.9	0.0	2.0	NA	0.8
Kallang / Whampoa	38	70	4.3	0.0	0.0	NA	1.8
Queenstown	32	40	3.0	0.0	NA	NA	1.3
Serangoon	2	20	10.0	NA	NA	NA	10.0
Tampines	38	196	11.6	0.1	7.0	NA	5.2
Toa Payoh	45	57	2.8	0.1	3.0	NA	1.3
TOTAL	1977	2958	NA	NA	NA	NA	1.5
Project	Flat Type	No of Units	Number of Applicants	Application Rate Δ	Application Rate Δ	Application Rate Δ
Project	Flat Type	No of Units	Number of Applicants	Non-Elderly	Non-Elderly	Non-Elderly
Project	Flat Type	No of Units	Number of Applicants	First Timers	Second Timers	Overall
Non-Mature Towns/Estates	Non-Mature Towns/Estates	Non-Mature Towns/Estates	Non-Mature Towns/Estates	Non-Mature Towns/Estates	Non-Mature Towns/Estates	Non-Mature Towns/Estates
Bukit Batok	3-room (Income ceiling $7,000)	21	95	2.8	40.0	4.5
Bukit Batok	4-room	41	230	4.6	26.0	5.6
Bukit Batok	5-room / 3Gen	31	146	3.7	36.0	4.7
Bukit Panjang	3-room (Income ceiling $7,000)	6	32	2.2	NA	5.3
Bukit Panjang	4-room	15	133	6.7	NA	8.9
Bukit Panjang	5-room / 3Gen	5	51	6.2	NA	10.2
Choa Chu Kang	3-room (Income ceiling $7,000)	5	24	3.4	NA	4.8
Choa Chu Kang	4-room	12	121	8.0	NA	10.1
Choa Chu Kang	5-room / Executive	8	44	4.1	NA	5.5
Hougang	3-room (Income ceiling $7,000)	5	39	4.4	NA	7.8
Hougang	3-room (Income ceiling $14,000)	1	2	1.0	NA	2.0
Hougang	4-room	29	189	5.0	48.0	6.5
Hougang	5-room / 3Gen	6	81	9.8	NA	13.5
Jurong East / West	3-room (Income ceiling $7,000)	32	67	1.3	28.0	2.1
Jurong East / West	4-room	27	164	4.8	38.0	6.1
Jurong East / West	5-room / 3Gen / Executive	46	106	1.3	25.5	2.3
Punggol	3-room (Income ceiling $7,000)	29	73	1.1	41.0	2.5
Punggol	3-room (Income ceiling $14,000)	18	25	0.5	NA	1.4
Punggol	4-room	164	392	1.7	16.0	2.4
Punggol	5-room / 3Gen	85	288	1.4	42.8	3.4
Sembawang	3-room (Income ceiling $7,000)	15	102	3.7	NA	6.8
Sembawang	4-room	46	299	5.0	39.0	6.5
Sembawang	5-room	38	237	4.6	65.0	6.2
Sengkang	3-room (Income ceiling $7,000)	30	133	2.4	63.0	4.4
Sengkang	4-room	86	289	2.5	21.8	3.4
Sengkang	5-room / 3Gen / Executive	79	192	1.4	28.0	2.4
Tengah	3-room (Income ceiling $7,000)	66	34	0.3	5.0	0.5
Tengah	4-room	33	102	2.6	19.0	3.1
Tengah	5-room / 3Gen	47	73	1.2	9.0	1.6
Woodlands	3-room (Income ceiling $7,000)	26	117	2.7	49.0	4.5
Woodlands	4-room	57	336	4.6	42.5	5.9
Woodlands	5-room / 3Gen / Executive	33	235	5.3	65.0	7.1
Yishun	3-room (Income ceiling $7,000)	102	139	0.7	13.8	1.4
Yishun	4-room	492	310	0.5	3.5	0.6
Yishun	5-room / 3Gen	196	147	0.5	6.2	0.8
Mature Towns/Estates	Mature Towns/Estates	Mature Towns/Estates	Mature Towns/Estates	Mature Towns/Estates	Mature Towns/Estates	Mature Towns/Estates
Ang Mo Kio	3-room	26	28	0.4	17.0	1.1
Ang Mo Kio	4-room	20	121	4.0	45.0	6.1
Ang Mo Kio	5-room / 3Gen	7	96	7.6	NA	13.7
Bedok	3-room	27	58	1.1	29.0	2.1
Bedok	4-room	36	206	3.7	77.0	5.7
Bedok	5-room / Executive	8	94	5.4	NA	11.8
Bishan	4-room	3	6	1.3	NA	2.0
Bukit Merah	3-room	18	35	1.1	NA	1.9
Bukit Merah	4-room	21	123	3.7	49.0	5.9
Bukit Timah	3-room	1	0	0.0	NA	0.0
Central	3-room	2	6	1.5	NA	3.0
Central	5-room	1	16	10.0	NA	16.0
Clementi	3-room	30	45	0.7	25.0	1.5
Clementi	4-room	30	240	5.0	94.0	8.0
Clementi	5-room / 3Gen	63	232	1.6	44.3	3.7
Geylang	3-room	52	57	0.7	12.0	1.1
Geylang	4-room	220	386	1.4	8.0	1.8
Geylang	5-room	1	6	2.0	NA	6.0
Kallang / Whampoa	3-room	38	46	0.6	24.0	1.2
Kallang / Whampoa	4-room	66	273	3.1	26.7	4.1
Kallang / Whampoa	5-room	3	84	14.3	NA	28.0
Marine Parade	3-room	1	7	3.0	NA	7.0
Pasir Ris	4-room	5	58	8.6	NA	11.6
Pasir Ris	5-room / Executive	7	64	5.1	NA	9.1
Queenstown	3-room	39	79	1.2	35.0	2.0
Queenstown	4-room	22	151	4.9	49.0	6.9
Queenstown	5-room	6	31	2.3	NA	5.2
Serangoon	3-room	5	11	1.0	NA	2.2
Serangoon	Executive	1	9	7.0	NA	9.0
Tampines	3-room	43	130	1.3	37.5	3.0
Tampines	4-room	206	618	2.4	14.1	3.0
Tampines	5-room / 3Gen / Executive	118	305	1.6	24.4	2.6
Toa Payoh	3-room	63	96	0.9	15.0	1.5
Toa Payoh	4-room	109	386	2.9	17.6	3.5
Toa Payoh	5-room / 3Gen	13	107	4.2	NA	8.2
TOTAL	TOTAL	3243	9257	1.9	NA	2.9
2020/11/20 17:07:02
Project	No of Units	Number of Applicants	Application Rate^	Application Rate^	Application Rate^	Application Rate^	Application Rate^
Project	No of Units	Number of Applicants	Elderly	Non-Elderly	Non-Elderly	Non-Elderly	Overall
Project	No of Units	Number of Applicants	Elderly	First Timers	Second Timers	Singles	Overall
Non-Mature Towns/Estates	Non-Mature Towns/Estates	Non-Mature Towns/Estates	Non-Mature Towns/Estates	Non-Mature Towns/Estates	Non-Mature Towns/Estates	Non-Mature Towns/Estates	Non-Mature Towns/Estates
Bukit Batok	38	199	7.4	0.2	10.0	67.0	5.2
Bukit Panjang	15	61	5.5	0.3	NA	NA	4.1
Choa Chu Kang	13	69	6.0	0.1	NA	NA	5.3
Hougang	22	233	10.8	0.2	NA	NA	10.6
Jurong East / West	53	116	2.5	0.1	5.0	52.0	2.2
Punggol	309	421	1.1	0.1	2.4	27.4	1.4
Sembawang	8	178	23.3	1.8	NA	NA	22.3
Sengkang	89	317	3.7	0.2	5.0	82.5	3.6
Tengah	692	156	0.2	0.0	0.1	2.8	0.2
Woodlands	80	258	3.9	0.1	9.0	54.5	3.2
Yishun	317	297	1.2	0.0	1.6	13.7	0.9
Mature Towns/Estates	Mature Towns/Estates	Mature Towns/Estates	Mature Towns/Estates	Mature Towns/Estates	Mature Towns/Estates	Mature Towns/Estates	Mature Towns/Estates
Ang Mo Kio	37	52	3.0	0.0	6.0	NA	1.4
Bedok	31	122	8.9	0.0	NA	NA	3.9
Bishan	2	26	13.0	NA	NA	NA	13.0
Bukit Merah	29	50	3.8	0.2	NA	NA	1.7
Bukit Timah	1	3	3.0	NA	NA	NA	3.0
Clementi	5	32	14.5	0.3	NA	NA	6.4
Geylang	81	71	2.0	0.0	2.0	NA	0.9
Kallang / Whampoa	38	73	4.5	0.0	0.0	NA	1.9
Queenstown	32	40	3.0	0.0	NA	NA	1.3
Serangoon	2	20	10.0	NA	NA	NA	10.0
Tampines	38	202	11.9	0.1	8.0	NA	5.3
Toa Payoh	45	63	3.1	0.1	3.0	NA	1.4
TOTAL	1977	3059	NA	NA	NA	NA	1.5
Project	Flat Type	No of Units	Number of Applicants	Application Rate Δ	Application Rate Δ	Application Rate Δ
Project	Flat Type	No of Units	Number of Applicants	Non-Elderly	Non-Elderly	Non-Elderly
Project	Flat Type	No of Units	Number of Applicants	First Timers	Second Timers	Overall
Non-Mature Towns/Estates	Non-Mature Towns/Estates	Non-Mature Towns/Estates	Non-Mature Towns/Estates	Non-Mature Towns/Estates	Non-Mature Towns/Estates	Non-Mature Towns/Estates
Bukit Batok	3-room (Income ceiling $7,000)	21	100	2.8	43.0	4.8
Bukit Batok	4-room	41	233	4.6	26.5	5.7
Bukit Batok	5-room / 3Gen	31	148	3.7	36.0	4.8
Bukit Panjang	3-room (Income ceiling $7,000)	6	32	2.2	NA	5.3
Bukit Panjang	4-room	15	135	6.8	NA	9.0
Bukit Panjang	5-room / 3Gen	5	52	6.2	NA	10.4
Choa Chu Kang	3-room (Income ceiling $7,000)	5	24	3.4	NA	4.8
Choa Chu Kang	4-room	12	123	8.1	NA	10.3
Choa Chu Kang	5-room / Executive	8	44	4.1	NA	5.5
Hougang	3-room (Income ceiling $7,000)	5	39	4.4	NA	7.8
Hougang	3-room (Income ceiling $14,000)	1	2	1.0	NA	2.0
Hougang	4-room	29	196	5.1	52.0	6.8
Hougang	5-room / 3Gen	6	82	10.0	NA	13.7
Jurong East / West	3-room (Income ceiling $7,000)	32	68	1.3	28.0	2.1
Jurong East / West	4-room	27	167	4.9	40.0	6.2
Jurong East / West	5-room / 3Gen / Executive	46	109	1.3	26.5	2.4
Punggol	3-room (Income ceiling $7,000)	29	74	1.1	42.0	2.6
Punggol	3-room (Income ceiling $14,000)	18	25	0.5	NA	1.4
Punggol	4-room	164	401	1.7	16.1	2.4
Punggol	5-room / 3Gen	85	296	1.5	44.3	3.5
Sembawang	3-room (Income ceiling $7,000)	15	104	3.7	NA	6.9
Sembawang	4-room	46	303	5.1	39.5	6.6
Sembawang	5-room	38	244	4.8	68.0	6.4
Sengkang	3-room (Income ceiling $7,000)	30	137	2.4	67.0	4.6
Sengkang	4-room	86	296	2.5	22.3	3.4
Sengkang	5-room / 3Gen / Executive	79	200	1.5	29.0	2.5
Tengah	3-room (Income ceiling $7,000)	66	35	0.3	5.3	0.5
Tengah	4-room	33	103	2.6	19.0	3.1
Tengah	5-room / 3Gen	47	75	1.2	9.5	1.6
Woodlands	3-room (Income ceiling $7,000)	26	122	2.8	52.0	4.7
Woodlands	4-room	57	341	4.6	43.0	6.0
Woodlands	5-room / 3Gen / Executive	33	239	5.4	66.0	7.2
Yishun	3-room (Income ceiling $7,000)	102	144	0.7	14.4	1.4
Yishun	4-room	492	318	0.5	3.6	0.6
Yishun	5-room / 3Gen	196	153	0.5	6.6	0.8
Mature Towns/Estates	Mature Towns/Estates	Mature Towns/Estates	Mature Towns/Estates	Mature Towns/Estates	Mature Towns/Estates	Mature Towns/Estates
Ang Mo Kio	3-room	26	28	0.4	17.0	1.1
Ang Mo Kio	4-room	20	124	4.1	46.0	6.2
Ang Mo Kio	5-room / 3Gen	7	100	8.0	NA	14.3
Bedok	3-room	27	61	1.2	30.0	2.3
Bedok	4-room	36	211	3.8	79.0	5.9
Bedok	5-room / Executive	8	95	5.5	NA	11.9
Bishan	4-room	3	6	1.3	NA	2.0
Bukit Merah	3-room	18	35	1.1	NA	1.9
Bukit Merah	4-room	21	133	4.0	53.0	6.3
Bukit Timah	3-room	1	0	0.0	NA	0.0
Central	3-room	2	6	1.5	NA	3.0
Central	5-room	1	16	10.0	NA	16.0
Clementi	3-room	30	46	0.7	26.0	1.5
Clementi	4-room	30	243	5.1	95.0	8.1
Clementi	5-room / 3Gen	63	242	1.8	45.7	3.8
Geylang	3-room	52	58	0.7	12.0	1.1
Geylang	4-room	220	397	1.5	8.3	1.8
Geylang	5-room	1	6	2.0	NA	6.0
Kallang / Whampoa	3-room	38	50	0.6	27.0	1.3
Kallang / Whampoa	4-room	66	278	3.1	27.0	4.2
Kallang / Whampoa	5-room	3	84	14.3	NA	28.0
Marine Parade	3-room	1	7	3.0	NA	7.0
Pasir Ris	4-room	5	59	8.6	NA	11.8
Pasir Ris	5-room / Executive	7	65	5.1	NA	9.3
Queenstown	3-room	39	84	1.2	37.0	2.2
Queenstown	4-room	22	158	5.1	51.0	7.2
Queenstown	5-room	6	31	2.3	NA	5.2
Serangoon	3-room	5	11	1.0	NA	2.2
Serangoon	Executive	1	9	7.0	NA	9.0
Tampines	3-room	43	135	1.3	40.0	3.1
Tampines	4-room	206	632	2.5	14.4	3.1
Tampines	5-room / 3Gen / Executive	118	316	1.7	25.2	2.7
Toa Payoh	3-room	63	98	0.9	15.0	1.6
Toa Payoh	4-room	109	396	3.0	17.8	3.6
Toa Payoh	5-room / 3Gen	13	110	4.4	NA	8.5
TOTAL	TOTAL	3243	9494	2.0	NA	2.9
2020/11/21 08:07:01
Project	No of Units	Number of Applicants	Application Rate^	Application Rate^	Application Rate^	Application Rate^	Application Rate^
Project	No of Units	Number of Applicants	Elderly	Non-Elderly	Non-Elderly	Non-Elderly	Overall
Project	No of Units	Number of Applicants	Elderly	First Timers	Second Timers	Singles	Overall
Non-Mature Towns/Estates	Non-Mature Towns/Estates	Non-Mature Towns/Estates	Non-Mature Towns/Estates	Non-Mature Towns/Estates	Non-Mature Towns/Estates	Non-Mature Towns/Estates	Non-Mature Towns/Estates
Bukit Batok	38	216	8.1	0.2	11.0	71.0	5.7
Bukit Panjang	15	65	5.7	0.3	NA	NA	4.3
Choa Chu Kang	13	77	6.8	0.1	NA	NA	5.9
Hougang	22	248	11.7	0.2	NA	NA	11.3
Jurong East / West	53	122	2.7	0.1	5.0	54.0	2.3
Punggol	309	446	1.2	0.1	2.4	29.0	1.4
Sembawang	8	197	25.8	2.0	NA	NA	24.6
Sengkang	89	333	3.9	0.2	5.0	86.0	3.7
Tengah	692	167	0.2	0.0	0.1	3.0	0.2
Woodlands	80	267	4.1	0.1	9.0	57.0	3.3
Yishun	317	306	1.2	0.0	1.6	14.2	1.0
Mature Towns/Estates	Mature Towns/Estates	Mature Towns/Estates	Mature Towns/Estates	Mature Towns/Estates	Mature Towns/Estates	Mature Towns/Estates	Mature Towns/Estates
Ang Mo Kio	37	55	3.2	0.0	6.0	NA	1.5
Bedok	31	131	9.5	0.1	NA	NA	4.2
Bishan	2	29	14.5	NA	NA	NA	14.5
Bukit Merah	29	53	3.9	0.2	NA	NA	1.8
Bukit Timah	1	3	3.0	NA	NA	NA	3.0
Clementi	5	34	15.5	0.3	NA	NA	6.8
Geylang	81	74	2.1	0.0	2.0	NA	0.9
Kallang / Whampoa	38	82	5.1	0.0	0.0	NA	2.2
Queenstown	32	45	3.3	0.1	NA	NA	1.4
Serangoon	2	20	10.0	NA	NA	NA	10.0
Tampines	38	219	12.9	0.1	10.0	NA	5.8
Toa Payoh	45	72	3.6	0.1	4.0	NA	1.6
TOTAL	1977	3261	NA	NA	NA	NA	1.6
Project	Flat Type	No of Units	Number of Applicants	Application Rate Δ	Application Rate Δ	Application Rate Δ
Project	Flat Type	No of Units	Number of Applicants	Non-Elderly	Non-Elderly	Non-Elderly
Project	Flat Type	No of Units	Number of Applicants	First Timers	Second Timers	Overall
Non-Mature Towns/Estates	Non-Mature Towns/Estates	Non-Mature Towns/Estates	Non-Mature Towns/Estates	Non-Mature Towns/Estates	Non-Mature Towns/Estates	Non-Mature Towns/Estates
Bukit Batok	3-room (Income ceiling $7,000)	21	106	3.0	46.0	5.0
Bukit Batok	4-room	41	250	4.9	29.5	6.1
Bukit Batok	5-room / 3Gen	31	163	4.1	41.0	5.3
Bukit Panjang	3-room (Income ceiling $7,000)	6	35	2.2	NA	5.8
Bukit Panjang	4-room	15	146	7.5	NA	9.7
Bukit Panjang	5-room / 3Gen	5	56	6.6	NA	11.2
Choa Chu Kang	3-room (Income ceiling $7,000)	5	26	3.8	NA	5.2
Choa Chu Kang	4-room	12	133	8.7	NA	11.1
Choa Chu Kang	5-room / Executive	8	47	4.4	NA	5.9
Hougang	3-room (Income ceiling $7,000)	5	39	4.4	NA	7.8
Hougang	3-room (Income ceiling $14,000)	1	2	1.0	NA	2.0
Hougang	4-room	29	211	5.6	55.0	7.3
Hougang	5-room / 3Gen	6	91	11.3	NA	15.2
Jurong East / West	3-room (Income ceiling $7,000)	32	72	1.4	30.0	2.3
Jurong East / West	4-room	27	182	5.4	42.0	6.7
Jurong East / West	5-room / 3Gen / Executive	46	123	1.4	30.0	2.7
Punggol	3-room (Income ceiling $7,000)	29	81	1.2	47.0	2.8
Punggol	3-room (Income ceiling $14,000)	18	27	0.6	NA	1.5
Punggol	4-room	164	429	1.9	17.0	2.6
Punggol	5-room / 3Gen	85	323	1.6	48.0	3.8
Sembawang	3-room (Income ceiling $7,000)	15	112	4.0	NA	7.5
Sembawang	4-room	46	336	5.8	41.0	7.3
Sembawang	5-room	38	265	5.2	71.0	7.0
Sengkang	3-room (Income ceiling $7,000)	30	144	2.5	71.0	4.8
Sengkang	4-room	86	319	2.7	23.5	3.7
Sengkang	5-room / 3Gen / Executive	79	224	1.7	30.7	2.8
Tengah	3-room (Income ceiling $7,000)	66	43	0.4	6.7	0.7
Tengah	4-room	33	116	3.0	21.0	3.5
Tengah	5-room / 3Gen	47	88	1.5	10.5	1.9
Woodlands	3-room (Income ceiling $7,000)	26	129	2.9	57.0	5.0
Woodlands	4-room	57	374	5.1	47.5	6.6
Woodlands	5-room / 3Gen / Executive	33	259	5.8	72.0	7.8
Yishun	3-room (Income ceiling $7,000)	102	153	0.8	15.6	1.5
Yishun	4-room	492	342	0.5	4.0	0.7
Yishun	5-room / 3Gen	196	168	0.6	7.2	0.9
Mature Towns/Estates	Mature Towns/Estates	Mature Towns/Estates	Mature Towns/Estates	Mature Towns/Estates	Mature Towns/Estates	Mature Towns/Estates
Ang Mo Kio	3-room	26	30	0.5	18.0	1.2
Ang Mo Kio	4-room	20	138	4.6	51.0	6.9
Ang Mo Kio	5-room / 3Gen	7	113	9.7	NA	16.1
Bedok	3-room	27	65	1.2	34.0	2.4
Bedok	4-room	36	225	4.0	84.0	6.3
Bedok	5-room / Executive	8	99	5.8	NA	12.4
Bishan	4-room	3	6	1.3	NA	2.0
Bukit Merah	3-room	18	38	1.2	NA	2.1
Bukit Merah	4-room	21	139	4.2	55.0	6.6
Bukit Timah	3-room	1	0	0.0	NA	0.0
Central	3-room	2	6	1.5	NA	3.0
Central	5-room	1	18	12.0	NA	18.0
Clementi	3-room	30	48	0.7	28.0	1.6
Clementi	4-room	30	285	6.2	106.0	9.5
Clementi	5-room / 3Gen	63	269	2.0	49.7	4.3
Geylang	3-room	52	69	0.8	13.5	1.3
Geylang	4-room	220	478	1.8	9.4	2.2
Geylang	5-room	1	6	2.0	NA	6.0
Kallang / Whampoa	3-room	38	56	0.7	29.0	1.5
Kallang / Whampoa	4-room	66	326	3.8	29.3	4.9
Kallang / Whampoa	5-room	3	90	15.3	NA	30.0
Marine Parade	3-room	1	7	3.0	NA	7.0
Pasir Ris	4-room	5	62	9.2	NA	12.4
Pasir Ris	5-room / Executive	7	71	5.7	NA	10.1
Queenstown	3-room	39	92	1.4	38.0	2.4
Queenstown	4-room	22	172	5.7	53.0	7.8
Queenstown	5-room	6	35	3.0	NA	5.8
Serangoon	3-room	5	13	1.2	NA	2.6
Serangoon	Executive	1	9	7.0	NA	9.0
Tampines	3-room	43	148	1.5	43.5	3.4
Tampines	4-room	206	686	2.7	15.1	3.3
Tampines	5-room / 3Gen / Executive	118	351	1.9	26.6	3.0
Toa Payoh	3-room	63	113	1.0	16.7	1.8
Toa Payoh	4-room	109	459	3.5	19.2	4.2
Toa Payoh	5-room / 3Gen	13	122	5.1	NA	9.4
TOTAL	TOTAL	3243	10458	2.2	NA	3.2
